BEGIN
    -- Inserir dados na tabela TB_EMITENTE
    INSERT INTO TB_EMITENTE (ID, NOME, CNPJ, ENDERECO, TELEFONE, EMAIL) 
    VALUES (1, 'MegaTech Soluções', '12345678000195', 'Av. Paulista, 1000', '1122334455', 'megatech@email.com');

    INSERT INTO TB_EMITENTE (ID, NOME, CNPJ, ENDERECO, TELEFONE, EMAIL) 
    VALUES (2, 'GlobalFoods Distribuidora', '98765432000110', 'Rua das Flores, 200', '1199887766', 'globalfoods@email.com');

    INSERT INTO TB_EMITENTE (ID, NOME, CNPJ, ENDERECO, TELEFONE, EMAIL) 
    VALUES (3, 'ConstruMax Materiais', '11122233000181', 'Av. Brasil, 500', '1133445566', 'constru.max@email.com');

    INSERT INTO TB_EMITENTE (ID, NOME, CNPJ, ENDERECO, TELEFONE, EMAIL) 
    VALUES (4, 'FashionStyle Confecções', '55566677000122', 'Rua da Moda, 300', '1155667788', 'fashionstyle@email.com');

    INSERT INTO TB_EMITENTE (ID, NOME, CNPJ, ENDERECO, TELEFONE, EMAIL) 
    VALUES (5, 'HealthCare Medicamentos', '88899988000133', 'Av. Saúde, 400', '1144556677', 'healthcare@email.com');

    INSERT INTO TB_EMITENTE (ID, NOME, CNPJ, ENDERECO, TELEFONE, EMAIL) 
    VALUES (6, 'TechInova Sistemas', '12345678000196', 'Rua da Inovação, 600', '1122445566', 'techinova@email.com');

    INSERT INTO TB_EMITENTE (ID, NOME, CNPJ, ENDERECO, TELEFONE, EMAIL) 
    VALUES (7, 'AgroFertil Fertilizantes', '98765432000111', 'Rodovia dos Agricultores, 700', '1199776655', 'agrofertil@email.com');

    INSERT INTO TB_EMITENTE (ID, NOME, CNPJ, ENDERECO, TELEFONE, EMAIL) 
    VALUES (8, 'AutoParts Veículos', '11122233000182', 'Av. Automotiva, 800', '1133557799', 'autoparts@email.com');

    INSERT INTO TB_EMITENTE (ID, NOME, CNPJ, ENDERECO, TELEFONE, EMAIL) 
    VALUES (9, 'EcoSustent Energia', '55566677000123', 'Rua Ecológica, 900', '1155778899', 'ecosustent@email.com');

    INSERT INTO TB_EMITENTE (ID, NOME, CNPJ, ENDERECO, TELEFONE, EMAIL) 
    VALUES (10, 'PetLove Alimentos', '88899988000134', 'Av. dos Animais, 1000', '1144667788', 'petlove@email.com');

    -- Inserir dados na tabela TB_DESTINATARIO
    INSERT INTO TB_DESTINATARIO (ID, NOME, CPF_CNPJ, ENDERECO, TELEFONE, EMAIL) 
    VALUES (1, 'João Silva', '12345678909', 'Rua das Palmeiras, 123', '11987654321', 'joao.silva@email.com');

    INSERT INTO TB_DESTINATARIO (ID, NOME, CPF_CNPJ, ENDERECO, TELEFONE, EMAIL) 
    VALUES (2, 'Maria Oliveira', '98765432100', 'Av. das Acácias, 456', '11988776655', 'maria.oliveira@email.com');

    INSERT INTO TB_DESTINATARIO (ID, NOME, CPF_CNPJ, ENDERECO, TELEFONE, EMAIL) 
    VALUES (3, 'Carlos Souza', '11122233344', 'Rua dos Pinheiros, 789', '11999887766', 'carlos.souza@email.com');

    INSERT INTO TB_DESTINATARIO (ID, NOME, CPF_CNPJ, ENDERECO, TELEFONE, EMAIL) 
    VALUES (4, 'Ana Costa', '55566677788', 'Av. das Rosas, 101', '11997766554', 'ana.costa@email.com');

    INSERT INTO TB_DESTINATARIO (ID, NOME, CPF_CNPJ, ENDERECO, TELEFONE, EMAIL) 
    VALUES (5, 'Pedro Rocha', '99988877766', 'Rua das Orquídeas, 202', '11996655443', 'pedro.rocha@email.com');

    INSERT INTO TB_DESTINATARIO (ID, NOME, CPF_CNPJ, ENDERECO, TELEFONE, EMAIL) 
    VALUES (6, 'Fernanda Lima', '12345678910', 'Av. dos Lírios, 303', '11995544332', 'fernanda.lima@email.com');

    INSERT INTO TB_DESTINATARIO (ID, NOME, CPF_CNPJ, ENDERECO, TELEFONE, EMAIL) 
    VALUES (7, 'Ricardo Almeida', '98765432101', 'Rua das Margaridas, 404', '11994433221', 'ricardo.almeida@email.com');

    INSERT INTO TB_DESTINATARIO (ID, NOME, CPF_CNPJ, ENDERECO, TELEFONE, EMAIL) 
    VALUES (8, 'Juliana Santos', '11122233345', 'Av. das Tulipas, 505', '11993322110', 'juliana.santos@email.com');

    INSERT INTO TB_DESTINATARIO (ID, NOME, CPF_CNPJ, ENDERECO, TELEFONE, EMAIL) 
    VALUES (9, 'Lucas Pereira', '55566677789', 'Rua das Violetas, 606', '11992211009', 'lucas.pereira@email.com');

    INSERT INTO TB_DESTINATARIO (ID, NOME, CPF_CNPJ, ENDERECO, TELEFONE, EMAIL) 
    VALUES (10, 'Patrícia Mendes', '99988877767', 'Av. das Hortênsias, 707', '11991100998', 'patricia.mendes@email.com');

    -- Inserir dados na tabela TB_PRODUTO
    INSERT INTO TB_PRODUTO (ID, DESCRICAO, CODIGO_BARRAS, NCM, CEST, UNIDADE, VALOR_UNITARIO) 
    VALUES (1, 'Notebook Ultra Slim', '123456789012', '84713000', '123456', 'UN', 3500.00);

    INSERT INTO TB_PRODUTO (ID, DESCRICAO, CODIGO_BARRAS, NCM, CEST, UNIDADE, VALOR_UNITARIO) 
    VALUES (2, 'Arroz Integral 5kg', '987654321098', '10063090', '654321', 'KG', 25.00);

    INSERT INTO TB_PRODUTO (ID, DESCRICAO, CODIGO_BARRAS, NCM, CEST, UNIDADE, VALOR_UNITARIO) 
    VALUES (3, 'Cimento Portland', '112233445566', '25232900', '332211', 'SC', 30.00);

    INSERT INTO TB_PRODUTO (ID, DESCRICAO, CODIGO_BARRAS, NCM, CEST, UNIDADE, VALOR_UNITARIO) 
    VALUES (4, 'Camiseta Masculina M', '998877665544', '61091000', '221133', 'UN', 50.00);

    INSERT INTO TB_PRODUTO (ID, DESCRICAO, CODIGO_BARRAS, NCM, CEST, UNIDADE, VALOR_UNITARIO) 
    VALUES (5, 'Paracetamol 500mg', '667788990011', '30049099', '665544', 'CX', 10.00);

    INSERT INTO TB_PRODUTO (ID, DESCRICAO, CODIGO_BARRAS, NCM, CEST, UNIDADE, VALOR_UNITARIO) 
    VALUES (6, 'Smartphone 128GB', '123456789013', '85171300', '123457', 'UN', 2000.00);

    INSERT INTO TB_PRODUTO (ID, DESCRICAO, CODIGO_BARRAS, NCM, CEST, UNIDADE, VALOR_UNITARIO) 
    VALUES (7, 'Adubo NPK 20kg', '987654321099', '31051000', '654322', 'SC', 80.00);

    INSERT INTO TB_PRODUTO (ID, DESCRICAO, CODIGO_BARRAS, NCM, CEST, UNIDADE, VALOR_UNITARIO) 
    VALUES (8, 'Pneu Aro 15', '112233445567', '40111000', '332212', 'UN', 300.00);

    INSERT INTO TB_PRODUTO (ID, DESCRICAO, CODIGO_BARRAS, NCM, CEST, UNIDADE, VALOR_UNITARIO) 
    VALUES (9, 'Painel Solar 150W', '998877665545', '85414000', '221134', 'UN', 800.00);

    INSERT INTO TB_PRODUTO (ID, DESCRICAO, CODIGO_BARRAS, NCM, CEST, UNIDADE, VALOR_UNITARIO) 
    VALUES (10, 'Ração para Cães 10kg', '667788990012', '23091000', '665545', 'SC', 120.00);

    -- Inserir dados na tabela TB_NOTA_FISCAL
    INSERT INTO TB_NOTA_FISCAL (ID, NUMERO, SERIE, DATA_EMISSAO, VALOR_TOTAL, EMITENTE_ID, DESTINATARIO_ID, STATUS, CHAVE_ACESSO, TIPO_OPERACAO) 
    VALUES (1, '000012345', '001', TO_DATE('2025-03-01', 'YYYY-MM-DD'), NULL, 1, 1, 'Pendente', NULL, 'Saída');

    INSERT INTO TB_NOTA_FISCAL (ID, NUMERO, SERIE, DATA_EMISSAO, VALOR_TOTAL, EMITENTE_ID, DESTINATARIO_ID, STATUS, CHAVE_ACESSO, TIPO_OPERACAO) 
    VALUES (2, '000012346', '001', TO_DATE('2025-03-02', 'YYYY-MM-DD'), NULL, 2, 2, 'Pendente', NULL, 'Entrada');

    INSERT INTO TB_NOTA_FISCAL (ID, NUMERO, SERIE, DATA_EMISSAO, VALOR_TOTAL, EMITENTE_ID, DESTINATARIO_ID, STATUS, CHAVE_ACESSO, TIPO_OPERACAO) 
    VALUES (3, '000012347', '002', TO_DATE('2025-03-03', 'YYYY-MM-DD'), 1000.00, 3, 3, 'Autorizada', '3522025098765432101234567890123456789012', 'Saída');

    INSERT INTO TB_NOTA_FISCAL (ID, NUMERO, SERIE, DATA_EMISSAO, VALOR_TOTAL, EMITENTE_ID, DESTINATARIO_ID, STATUS, CHAVE_ACESSO, TIPO_OPERACAO) 
    VALUES (4, '000012348', '002', TO_DATE('2025-03-04', 'YYYY-MM-DD'), 500.00, 4, 4, 'Autorizada', '3522025098765432101234567890123456789013', 'Entrada');

    INSERT INTO TB_NOTA_FISCAL (ID, NUMERO, SERIE, DATA_EMISSAO, VALOR_TOTAL, EMITENTE_ID, DESTINATARIO_ID, STATUS, CHAVE_ACESSO, TIPO_OPERACAO) 
    VALUES (5, '000012349', '003', TO_DATE('2025-03-05', 'YYYY-MM-DD'), NULL, 5, 5, 'Pendente', NULL, 'Saída');

    INSERT INTO TB_NOTA_FISCAL (ID, NUMERO, SERIE, DATA_EMISSAO, VALOR_TOTAL, EMITENTE_ID, DESTINATARIO_ID, STATUS, CHAVE_ACESSO, TIPO_OPERACAO) 
    VALUES (6, '000012350', '003', TO_DATE('2025-03-06', 'YYYY-MM-DD'), NULL, 6, 6, 'Pendente', NULL, 'Entrada');

    INSERT INTO TB_NOTA_FISCAL (ID, NUMERO, SERIE, DATA_EMISSAO, VALOR_TOTAL, EMITENTE_ID, DESTINATARIO_ID, STATUS, CHAVE_ACESSO, TIPO_OPERACAO) 
    VALUES (7, '000012351', '004', TO_DATE('2025-03-07', 'YYYY-MM-DD'), 1200.00, 7, 7, 'Autorizada', '3522025098765432101234567890123456789014', 'Saída');

    INSERT INTO TB_NOTA_FISCAL (ID, NUMERO, SERIE, DATA_EMISSAO, VALOR_TOTAL, EMITENTE_ID, DESTINATARIO_ID, STATUS, CHAVE_ACESSO, TIPO_OPERACAO) 
    VALUES (8, '000012352', '004', TO_DATE('2025-03-08', 'YYYY-MM-DD'), 600.00, 8, 8, 'Autorizada', '3522025098765432101234567890123456789015', 'Entrada');

    INSERT INTO TB_NOTA_FISCAL (ID, NUMERO, SERIE, DATA_EMISSAO, VALOR_TOTAL, EMITENTE_ID, DESTINATARIO_ID, STATUS, CHAVE_ACESSO, TIPO_OPERACAO) 
    VALUES (9, '000012353', '005', TO_DATE('2025-03-09', 'YYYY-MM-DD'), NULL, 9, 9, 'Pendente', NULL, 'Saída');

    INSERT INTO TB_NOTA_FISCAL (ID, NUMERO, SERIE, DATA_EMISSAO, VALOR_TOTAL, EMITENTE_ID, DESTINATARIO_ID, STATUS, CHAVE_ACESSO, TIPO_OPERACAO) 
    VALUES (10, '000012354', '005', TO_DATE('2025-03-10', 'YYYY-MM-DD'), NULL, 10, 10, 'Pendente', NULL, 'Entrada');

    -- Inserir dados na tabela TB_ITEM_NOTA_FISCAL
    INSERT INTO TB_ITEM_NOTA_FISCAL (ID, NOTA_FISCAL_ID, PRODUTO_ID, QUANTIDADE, VALOR_UNITARIO) 
    VALUES (1, 1, 1, 1, 3500.00);

    INSERT INTO TB_ITEM_NOTA_FISCAL (ID, NOTA_FISCAL_ID, PRODUTO_ID, QUANTIDADE, VALOR_UNITARIO) 
    VALUES (2, 1, 2, 2, 25.00);

    INSERT INTO TB_ITEM_NOTA_FISCAL (ID, NOTA_FISCAL_ID, PRODUTO_ID, QUANTIDADE, VALOR_UNITARIO) 
    VALUES (3, 2, 3, 10, 30.00);

    INSERT INTO TB_ITEM_NOTA_FISCAL (ID, NOTA_FISCAL_ID, PRODUTO_ID, QUANTIDADE, VALOR_UNITARIO) 
    VALUES (4, 2, 4, 5, 50.00);

    INSERT INTO TB_ITEM_NOTA_FISCAL (ID, NOTA_FISCAL_ID, PRODUTO_ID, QUANTIDADE, VALOR_UNITARIO) 
    VALUES (5, 3, 5, 3, 10.00);

    INSERT INTO TB_ITEM_NOTA_FISCAL (ID, NOTA_FISCAL_ID, PRODUTO_ID, QUANTIDADE, VALOR_UNITARIO) 
    VALUES (6, 3, 6, 1, 2000.00);

    INSERT INTO TB_ITEM_NOTA_FISCAL (ID, NOTA_FISCAL_ID, PRODUTO_ID, QUANTIDADE, VALOR_UNITARIO) 
    VALUES (7, 4, 7, 2, 80.00);

    INSERT INTO TB_ITEM_NOTA_FISCAL (ID, NOTA_FISCAL_ID, PRODUTO_ID, QUANTIDADE, VALOR_UNITARIO) 
    VALUES (8, 4, 8, 4, 300.00);

    INSERT INTO TB_ITEM_NOTA_FISCAL (ID, NOTA_FISCAL_ID, PRODUTO_ID, QUANTIDADE, VALOR_UNITARIO) 
    VALUES (9, 5, 9, 1, 800.00);

    INSERT INTO TB_ITEM_NOTA_FISCAL (ID, NOTA_FISCAL_ID, PRODUTO_ID, QUANTIDADE, VALOR_UNITARIO) 
    VALUES (10, 5, 10, 2, 120.00);

    -- Inserir dados na tabela TB_TRIBUTOS
    INSERT INTO TB_TRIBUTOS (ID, NOTA_FISCAL_ID, ICMS, IPI, PIS, COFINS) 
    VALUES (1, 1, 180.00, 50.00, 16.50, 60.00);

    INSERT INTO TB_TRIBUTOS (ID, NOTA_FISCAL_ID, ICMS, IPI, PIS, COFINS) 
    VALUES (2, 2, 90.00, 25.00, 8.25, 30.00);

    INSERT INTO TB_TRIBUTOS (ID, NOTA_FISCAL_ID, ICMS, IPI, PIS, COFINS) 
    VALUES (3, 3, 216.00, 60.00, 19.80, 72.00);

    INSERT INTO TB_TRIBUTOS (ID, NOTA_FISCAL_ID, ICMS, IPI, PIS, COFINS) 
    VALUES (4, 4, 108.00, 30.00, 9.90, 36.00);

    INSERT INTO TB_TRIBUTOS (ID, NOTA_FISCAL_ID, ICMS, IPI, PIS, COFINS) 
    VALUES (5, 5, NULL, NULL, NULL, NULL);

    INSERT INTO TB_TRIBUTOS (ID, NOTA_FISCAL_ID, ICMS, IPI, PIS, COFINS) 
    VALUES (6, 6, NULL, NULL, NULL, NULL);

    INSERT INTO TB_TRIBUTOS (ID, NOTA_FISCAL_ID, ICMS, IPI, PIS, COFINS) 
    VALUES (7, 7, NULL, NULL, NULL, NULL);

    INSERT INTO TB_TRIBUTOS (ID, NOTA_FISCAL_ID, ICMS, IPI, PIS, COFINS) 
    VALUES (8, 8, NULL, NULL, NULL, NULL);

    INSERT INTO TB_TRIBUTOS (ID, NOTA_FISCAL_ID, ICMS, IPI, PIS, COFINS) 
    VALUES (9, 9, NULL, NULL, NULL, NULL);

    INSERT INTO TB_TRIBUTOS (ID, NOTA_FISCAL_ID, ICMS, IPI, PIS, COFINS) 
    VALUES (10, 10, NULL, NULL, NULL, NULL);

    -- Inserir dados na tabela TB_TRANSPORTADORA
    INSERT INTO TB_TRANSPORTADORA (ID, NOME, CNPJ, ENDERECO, TELEFONE, EMAIL) 
    VALUES (1, 'TransRápido Entregas', '12345678000195', 'Av. das Transportadoras, 100', '1122334455', 'transrapido@email.com');

    INSERT INTO TB_TRANSPORTADORA (ID, NOME, CNPJ, ENDERECO, TELEFONE, EMAIL) 
    VALUES (2, 'Logística Expressa', '98765432000110', 'Rua dos Caminhões, 200', '1199887766', 'logistica.expressa@email.com');

    INSERT INTO TB_TRANSPORTADORA (ID, NOME, CNPJ, ENDERECO, TELEFONE, EMAIL) 
    VALUES (3, 'Carga Pesada Transportes', '11122233000181', 'Av. dos Carregamentos, 300', '1133445566', 'cargapesada@email.com');

    INSERT INTO TB_TRANSPORTADORA (ID, NOME, CNPJ, ENDERECO, TELEFONE, EMAIL) 
    VALUES (4, 'Veloz Entregas', '55566677000122', 'Rua das Estradas, 400', '1155667788', 'veloz.entregas@email.com');

    INSERT INTO TB_TRANSPORTADORA (ID, NOME, CNPJ, ENDERECO, TELEFONE, EMAIL) 
    VALUES (5, 'Mundo Logística', '88899988000133', 'Av. das Mercadorias, 500', '1144556677', 'mundologistica@email.com');

    INSERT INTO TB_TRANSPORTADORA (ID, NOME, CNPJ, ENDERECO, TELEFONE, EMAIL) 
    VALUES (6, 'Rápido e Seguro', '12345678000196', 'Rua das Cargas, 600', '1122445566', 'rapido.seguro@email.com');

    INSERT INTO TB_TRANSPORTADORA (ID, NOME, CNPJ, ENDERECO, TELEFONE, EMAIL) 
    VALUES (7, 'TransGlobal', '98765432000111', 'Av. dos Fretes, 700', '1199776655', 'transglobal@email.com');

    INSERT INTO TB_TRANSPORTADORA (ID, NOME, CNPJ, ENDERECO, TELEFONE, EMAIL) 
    VALUES (8, 'Carga Leve', '11122233000182', 'Rua das Encomendas, 800', '1133557799', 'cargaleve@email.com');

    INSERT INTO TB_TRANSPORTADORA (ID, NOME, CNPJ, ENDERECO, TELEFONE, EMAIL) 
    VALUES (9, 'Expresso Log', '55566677000123', 'Av. das Entregas, 900', '1155778899', 'expresso.log@email.com');

    INSERT INTO TB_TRANSPORTADORA (ID, NOME, CNPJ, ENDERECO, TELEFONE, EMAIL) 
    VALUES (10, 'Transporte Fácil', '88899988000134', 'Rua dos Veículos, 1000', '1144667788', 'transporte.facil@email.com');

    -- Inserir dados na tabela TB_FRETE
    INSERT INTO TB_FRETE (ID, NOTA_FISCAL_ID, TRANSPORTADORA_ID, VALOR_FRETE) 
    VALUES (1, 1, 1, 10.00);

    INSERT INTO TB_FRETE (ID, NOTA_FISCAL_ID, TRANSPORTADORA_ID, VALOR_FRETE) 
    VALUES (2, 2, 2, 20.00);

    INSERT INTO TB_FRETE (ID, NOTA_FISCAL_ID, TRANSPORTADORA_ID, VALOR_FRETE) 
    VALUES (3, 3, 3, 30.00);

    INSERT INTO TB_FRETE (ID, NOTA_FISCAL_ID, TRANSPORTADORA_ID, VALOR_FRETE) 
    VALUES (4, 4, 4, 40.00);

    INSERT INTO TB_FRETE (ID, NOTA_FISCAL_ID, TRANSPORTADORA_ID, VALOR_FRETE) 
    VALUES (5, 5, 5, 50.00);

    INSERT INTO TB_FRETE (ID, NOTA_FISCAL_ID, TRANSPORTADORA_ID, VALOR_FRETE) 
    VALUES (6, 6, 6, 60.00);

    INSERT INTO TB_FRETE (ID, NOTA_FISCAL_ID, TRANSPORTADORA_ID, VALOR_FRETE) 
    VALUES (7, 7, 7, 70.00);

    INSERT INTO TB_FRETE (ID, NOTA_FISCAL_ID, TRANSPORTADORA_ID, VALOR_FRETE) 
    VALUES (8, 8, 8, 80.00);

    INSERT INTO TB_FRETE (ID, NOTA_FISCAL_ID, TRANSPORTADORA_ID, VALOR_FRETE) 
    VALUES (9, 9, 9, 90.00);

    INSERT INTO TB_FRETE (ID, NOTA_FISCAL_ID, TRANSPORTADORA_ID, VALOR_FRETE) 
    VALUES (10, 10, 10, 100.00);

    -- Inserir dados na tabela TB_EMITENTE
    INSERT INTO TB_EMITENTE (ID, NOME, CNPJ, ENDERECO, TELEFONE, EMAIL) 
    VALUES (11, 'TechWorld Solutions', '11223344000155', 'Av. das Inovações, 1500', '1133445566', 'techworld@email.com');

    INSERT INTO TB_EMITENTE (ID, NOME, CNPJ, ENDERECO, TELEFONE, EMAIL) 
    VALUES (12, 'Alimentos Naturais Ltda', '99887766000144', 'Rua das Hortaliças, 300', '1199887766', 'alimentos.naturais@email.com');

    INSERT INTO TB_EMITENTE (ID, NOME, CNPJ, ENDERECO, TELEFONE, EMAIL) 
    VALUES (13, 'Construções Fortes', '55443322000133', 'Av. das Obras, 500', '1144556677', 'construcoes.fortes@email.com');

    INSERT INTO TB_EMITENTE (ID, NOME, CNPJ, ENDERECO, TELEFONE, EMAIL) 
    VALUES (14, 'Moda Jovem', '66778899000122', 'Rua das Tendências, 700', '1155667788', 'moda.jovem@email.com');

    INSERT INTO TB_EMITENTE (ID, NOME, CNPJ, ENDERECO, TELEFONE, EMAIL) 
    VALUES (15, 'Farmácia Bem-Estar', '22334455000111', 'Av. dos Remédios, 900', '1166778899', 'farmacia.bemestar@email.com');

    -- Inserir dados na tabela TB_DESTINATARIO
    INSERT INTO TB_DESTINATARIO (ID, NOME, CPF_CNPJ, ENDERECO, TELEFONE, EMAIL) 
    VALUES (11, 'Roberto Fernandes', '12345678911', 'Rua das Oliveiras, 123', '11987654322', 'roberto.fernandes@email.com');

    INSERT INTO TB_DESTINATARIO (ID, NOME, CPF_CNPJ, ENDERECO, TELEFONE, EMAIL) 
    VALUES (12, 'Carla Martins', '98765432122', 'Av. das Palmeiras, 456', '11988776644', 'carla.martins@email.com');

    INSERT INTO TB_DESTINATARIO (ID, NOME, CPF_CNPJ, ENDERECO, TELEFONE, EMAIL) 
    VALUES (13, 'Fernando Souza', '11122233355', 'Rua dos Coqueiros, 789', '11999887755', 'fernando.souza@email.com');

    INSERT INTO TB_DESTINATARIO (ID, NOME, CPF_CNPJ, ENDERECO, TELEFONE, EMAIL) 
    VALUES (14, 'Juliana Costa', '55566677799', 'Av. das Flores, 101', '11997766553', 'juliana.costa@email.com');

    INSERT INTO TB_DESTINATARIO (ID, NOME, CPF_CNPJ, ENDERECO, TELEFONE, EMAIL) 
    VALUES (15, 'Ricardo Alves', '99988877788', 'Rua das Orquídeas, 202', '11996655442', 'ricardo.alves@email.com');

    -- Inserir dados na tabela TB_PRODUTO
    INSERT INTO TB_PRODUTO (ID, DESCRICAO, CODIGO_BARRAS, NCM, CEST, UNIDADE, VALOR_UNITARIO) 
    VALUES (11, 'Tablet 10 Polegadas', '112233445577', '84713000', '123458', 'UN', 1200.00);

    INSERT INTO TB_PRODUTO (ID, DESCRICAO, CODIGO_BARRAS, NCM, CEST, UNIDADE, VALOR_UNITARIO) 
    VALUES (12, 'Feijão Carioca 1kg', '998877665533', '10063090', '654322', 'KG', 8.00);

    INSERT INTO TB_PRODUTO (ID, DESCRICAO, CODIGO_BARRAS, NCM, CEST, UNIDADE, VALOR_UNITARIO) 
    VALUES (13, 'Tijolo Cerâmico', '112233445588', '69041000', '332213', 'UN', 1.50);

    INSERT INTO TB_PRODUTO (ID, DESCRICAO, CODIGO_BARRAS, NCM, CEST, UNIDADE, VALOR_UNITARIO) 
    VALUES (14, 'Vestido Feminino', '998877665544', '62044300', '221135', 'UN', 80.00);

    INSERT INTO TB_PRODUTO (ID, DESCRICAO, CODIGO_BARRAS, NCM, CEST, UNIDADE, VALOR_UNITARIO) 
    VALUES (15, 'Dipirona 500mg', '667788990022', '30049099', '665546', 'CX', 5.00);

    -- Inserir dados na tabela TB_NOTA_FISCAL
    INSERT INTO TB_NOTA_FISCAL (ID, NUMERO, SERIE, DATA_EMISSAO, VALOR_TOTAL, EMITENTE_ID, DESTINATARIO_ID, STATUS, CHAVE_ACESSO, TIPO_OPERACAO) 
    VALUES (11, '000012355', '006', TO_DATE('2025-03-11', 'YYYY-MM-DD'), NULL, 11, 11, 'Pendente', NULL, 'Saída');

    INSERT INTO TB_NOTA_FISCAL (ID, NUMERO, SERIE, DATA_EMISSAO, VALOR_TOTAL, EMITENTE_ID, DESTINATARIO_ID, STATUS, CHAVE_ACESSO, TIPO_OPERACAO) 
    VALUES (12, '000012356', '006', TO_DATE('2025-03-12', 'YYYY-MM-DD'), NULL, 12, 12, 'Pendente', NULL, 'Entrada');

    INSERT INTO TB_NOTA_FISCAL (ID, NUMERO, SERIE, DATA_EMISSAO, VALOR_TOTAL, EMITENTE_ID, DESTINATARIO_ID, STATUS, CHAVE_ACESSO, TIPO_OPERACAO) 
    VALUES (13, '000012357', '007', TO_DATE('2025-03-13', 'YYYY-MM-DD'), 1500.00, 13, 13, 'Autorizada', '3522025098765432101234567890123456789016', 'Saída');

    INSERT INTO TB_NOTA_FISCAL (ID, NUMERO, SERIE, DATA_EMISSAO, VALOR_TOTAL, EMITENTE_ID, DESTINATARIO_ID, STATUS, CHAVE_ACESSO, TIPO_OPERACAO) 
    VALUES (14, '000012358', '007', TO_DATE('2025-03-14', 'YYYY-MM-DD'), 700.00, 14, 14, 'Autorizada', '3522025098765432101234567890123456789017', 'Entrada');

    INSERT INTO TB_NOTA_FISCAL (ID, NUMERO, SERIE, DATA_EMISSAO, VALOR_TOTAL, EMITENTE_ID, DESTINATARIO_ID, STATUS, CHAVE_ACESSO, TIPO_OPERACAO) 
    VALUES (15, '000012359', '008', TO_DATE('2025-03-15', 'YYYY-MM-DD'), NULL, 15, 15, 'Pendente', NULL, 'Saída');

    -- Inserir dados na tabela TB_ITEM_NOTA_FISCAL
    INSERT INTO TB_ITEM_NOTA_FISCAL (ID, NOTA_FISCAL_ID, PRODUTO_ID, QUANTIDADE, VALOR_UNITARIO) 
    VALUES (11, 11, 11, 1, 1200.00);

    INSERT INTO TB_ITEM_NOTA_FISCAL (ID, NOTA_FISCAL_ID, PRODUTO_ID, QUANTIDADE, VALOR_UNITARIO) 
    VALUES (12, 11, 12, 5, 8.00);

    INSERT INTO TB_ITEM_NOTA_FISCAL (ID, NOTA_FISCAL_ID, PRODUTO_ID, QUANTIDADE, VALOR_UNITARIO) 
    VALUES (13, 12, 13, 100, 1.50);

    INSERT INTO TB_ITEM_NOTA_FISCAL (ID, NOTA_FISCAL_ID, PRODUTO_ID, QUANTIDADE, VALOR_UNITARIO) 
    VALUES (14, 12, 14, 3, 80.00);

    INSERT INTO TB_ITEM_NOTA_FISCAL (ID, NOTA_FISCAL_ID, PRODUTO_ID, QUANTIDADE, VALOR_UNITARIO) 
    VALUES (15, 13, 15, 10, 5.00);

    -- Inserir dados na tabela TB_TRIBUTOS
    INSERT INTO TB_TRIBUTOS (ID, NOTA_FISCAL_ID, ICMS, IPI, PIS, COFINS) 
    VALUES (11, 11, 144.00, 40.00, 13.20, 48.00);

    INSERT INTO TB_TRIBUTOS (ID, NOTA_FISCAL_ID, ICMS, IPI, PIS, COFINS) 
    VALUES (12, 12, 72.00, 20.00, 6.60, 24.00);

    INSERT INTO TB_TRIBUTOS (ID, NOTA_FISCAL_ID, ICMS, IPI, PIS, COFINS) 
    VALUES (13, 13, 180.00, 50.00, 16.50, 60.00);

    INSERT INTO TB_TRIBUTOS (ID, NOTA_FISCAL_ID, ICMS, IPI, PIS, COFINS) 
    VALUES (14, 14, 90.00, 25.00, 8.25, 30.00);

    INSERT INTO TB_TRIBUTOS (ID, NOTA_FISCAL_ID, ICMS, IPI, PIS, COFINS) 
    VALUES (15, 15, NULL, NULL, NULL, NULL);

    -- Inserir dados na tabela TB_TRANSPORTADORA
    INSERT INTO TB_TRANSPORTADORA (ID, NOME, CNPJ, ENDERECO, TELEFONE, EMAIL) 
    VALUES (11, 'TransRápido Express', '11223344000166', 'Av. das Entregas, 1100', '1122445566', 'transrapido.express@email.com');

    INSERT INTO TB_TRANSPORTADORA (ID, NOME, CNPJ, ENDERECO, TELEFONE, EMAIL) 
    VALUES (12, 'Logística Ágil', '99887766000155', 'Rua dos Caminhões, 1200', '1199887766', 'logistica.agil@email.com');

    INSERT INTO TB_TRANSPORTADORA (ID, NOME, CNPJ, ENDERECO, TELEFONE, EMAIL) 
    VALUES (13, 'Carga Rápida', '55443322000144', 'Av. dos Carregamentos, 1300', '1144556677', 'carga.rapida@email.com');

    INSERT INTO TB_TRANSPORTADORA (ID, NOME, CNPJ, ENDERECO, TELEFONE, EMAIL) 
    VALUES (14, 'Veloz Transportes', '66778899000133', 'Rua das Estradas, 1400', '1155667788', 'veloz.transportes@email.com');

    INSERT INTO TB_TRANSPORTADORA (ID, NOME, CNPJ, ENDERECO, TELEFONE, EMAIL) 
    VALUES (15, 'Mundo Express', '22334455000122', 'Av. das Mercadorias, 1500', '1166778899', 'mundo.express@email.com');

    -- Inserir dados na tabela TB_FRETE
    INSERT INTO TB_FRETE (ID, NOTA_FISCAL_ID, TRANSPORTADORA_ID, VALOR_FRETE) 
    VALUES (11, 11, 11, 15.00);

    INSERT INTO TB_FRETE (ID, NOTA_FISCAL_ID, TRANSPORTADORA_ID, VALOR_FRETE) 
    VALUES (12, 12, 12, 25.00);

    INSERT INTO TB_FRETE (ID, NOTA_FISCAL_ID, TRANSPORTADORA_ID, VALOR_FRETE) 
    VALUES (13, 13, 13, 35.00);

    INSERT INTO TB_FRETE (ID, NOTA_FISCAL_ID, TRANSPORTADORA_ID, VALOR_FRETE) 
    VALUES (14, 14, 14, 45.00);

    INSERT INTO TB_FRETE (ID, NOTA_FISCAL_ID, TRANSPORTADORA_ID, VALOR_FRETE) 
    VALUES (15, 15, 15, 55.00);

    -- Inserir dados na tabela TB_EMITENTE
    INSERT INTO TB_EMITENTE (ID, NOME, CNPJ, ENDERECO, TELEFONE, EMAIL) 
    VALUES (16, 'TechFuture Solutions', '11223344000177', 'Av. das Inovações, 1600', '1133445566', 'techfuture@email.com');

    INSERT INTO TB_EMITENTE (ID, NOME, CNPJ, ENDERECO, TELEFONE, EMAIL) 
    VALUES (17, 'Alimentos Orgânicos Ltda', '99887766000166', 'Rua das Hortaliças, 400', '1199887766', 'alimentos.organicos@email.com');

    INSERT INTO TB_EMITENTE (ID, NOME, CNPJ, ENDERECO, TELEFONE, EMAIL) 
    VALUES (18, 'Construções Modernas', '55443322000155', 'Av. das Obras, 600', '1144556677', 'construcoes.modernas@email.com');

    INSERT INTO TB_EMITENTE (ID, NOME, CNPJ, ENDERECO, TELEFONE, EMAIL) 
    VALUES (19, 'Moda Elegante', '66778899000144', 'Rua das Tendências, 800', '1155667788', 'moda.elegante@email.com');

    INSERT INTO TB_EMITENTE (ID, NOME, CNPJ, ENDERECO, TELEFONE, EMAIL) 
    VALUES (20, 'Farmácia Saúde Total', '22334455000133', 'Av. dos Remédios, 1000', '1166778899', 'farmacia.saude@email.com');

    -- Inserir dados na tabela TB_DESTINATARIO
    INSERT INTO TB_DESTINATARIO (ID, NOME, CPF_CNPJ, ENDERECO, TELEFONE, EMAIL) 
    VALUES (16, 'Roberto Fernandes', '12345678912', 'Rua das Oliveiras, 124', '11987654323', 'roberto.fernandes@email.com');

    INSERT INTO TB_DESTINATARIO (ID, NOME, CPF_CNPJ, ENDERECO, TELEFONE, EMAIL) 
    VALUES (17, 'Carla Martins', '98765432133', 'Av. das Palmeiras, 457', '11988776655', 'carla.martins@email.com');

    INSERT INTO TB_DESTINATARIO (ID, NOME, CPF_CNPJ, ENDERECO, TELEFONE, EMAIL) 
    VALUES (18, 'Fernando Souza', '11122233366', 'Rua dos Coqueiros, 790', '11999887766', 'fernando.souza@email.com');

    INSERT INTO TB_DESTINATARIO (ID, NOME, CPF_CNPJ, ENDERECO, TELEFONE, EMAIL) 
    VALUES (19, 'Juliana Costa', '55566677700', 'Av. das Flores, 102', '11997766554', 'juliana.costa@email.com');

    INSERT INTO TB_DESTINATARIO (ID, NOME, CPF_CNPJ, ENDERECO, TELEFONE, EMAIL) 
    VALUES (20, 'Ricardo Alves', '99988877799', 'Rua das Orquídeas, 203', '11996655444', 'ricardo.alves@email.com');

    -- Inserir dados na tabela TB_PRODUTO
    INSERT INTO TB_PRODUTO (ID, DESCRICAO, CODIGO_BARRAS, NCM, CEST, UNIDADE, VALOR_UNITARIO) 
    VALUES (16, 'Tablet 8 Polegadas', '112233445588', '84713000', '123459', 'UN', 900.00);

    INSERT INTO TB_PRODUTO (ID, DESCRICAO, CODIGO_BARRAS, NCM, CEST, UNIDADE, VALOR_UNITARIO) 
    VALUES (17, 'Feijão Preto 1kg', '998877665544', '10063090', '654323', 'KG', 7.00);

    INSERT INTO TB_PRODUTO (ID, DESCRICAO, CODIGO_BARRAS, NCM, CEST, UNIDADE, VALOR_UNITARIO) 
    VALUES (18, 'Tijolo Baiano', '112233445599', '69041000', '332214', 'UN', 1.20);

    INSERT INTO TB_PRODUTO (ID, DESCRICAO, CODIGO_BARRAS, NCM, CEST, UNIDADE, VALOR_UNITARIO) 
    VALUES (19, 'Blusa Feminina', '998877665555', '62044300', '221136', 'UN', 60.00);

    INSERT INTO TB_PRODUTO (ID, DESCRICAO, CODIGO_BARRAS, NCM, CEST, UNIDADE, VALOR_UNITARIO) 
    VALUES (20, 'Ibuprofeno 400mg', '667788990033', '30049099', '665547', 'CX', 8.00);

    -- Inserir dados na tabela TB_NOTA_FISCAL
    INSERT INTO TB_NOTA_FISCAL (ID, NUMERO, SERIE, DATA_EMISSAO, VALOR_TOTAL, EMITENTE_ID, DESTINATARIO_ID, STATUS, CHAVE_ACESSO, TIPO_OPERACAO) 
    VALUES (16, '000012360', '009', TO_DATE('2025-03-16', 'YYYY-MM-DD'), NULL, 16, 16, 'Pendente', NULL, 'Saída');

    INSERT INTO TB_NOTA_FISCAL (ID, NUMERO, SERIE, DATA_EMISSAO, VALOR_TOTAL, EMITENTE_ID, DESTINATARIO_ID, STATUS, CHAVE_ACESSO, TIPO_OPERACAO) 
    VALUES (17, '000012361', '009', TO_DATE('2025-03-17', 'YYYY-MM-DD'), NULL, 17, 17, 'Pendente', NULL, 'Entrada');

    INSERT INTO TB_NOTA_FISCAL (ID, NUMERO, SERIE, DATA_EMISSAO, VALOR_TOTAL, EMITENTE_ID, DESTINATARIO_ID, STATUS, CHAVE_ACESSO, TIPO_OPERACAO) 
    VALUES (18, '000012362', '010', TO_DATE('2025-03-18', 'YYYY-MM-DD'), 1800.00, 18, 18, 'Autorizada', '3522025098765432101234567890123456789018', 'Saída');

    INSERT INTO TB_NOTA_FISCAL (ID, NUMERO, SERIE, DATA_EMISSAO, VALOR_TOTAL, EMITENTE_ID, DESTINATARIO_ID, STATUS, CHAVE_ACESSO, TIPO_OPERACAO) 
    VALUES (19, '000012363', '010', TO_DATE('2025-03-19', 'YYYY-MM-DD'), 900.00, 19, 19, 'Autorizada', '3522025098765432101234567890123456789019', 'Entrada');

    INSERT INTO TB_NOTA_FISCAL (ID, NUMERO, SERIE, DATA_EMISSAO, VALOR_TOTAL, EMITENTE_ID, DESTINATARIO_ID, STATUS, CHAVE_ACESSO, TIPO_OPERACAO) 
    VALUES (20, '000012364', '011', TO_DATE('2025-03-20', 'YYYY-MM-DD'), NULL, 20, 20, 'Pendente', NULL, 'Saída');

    -- Inserir dados na tabela TB_ITEM_NOTA_FISCAL
    INSERT INTO TB_ITEM_NOTA_FISCAL (ID, NOTA_FISCAL_ID, PRODUTO_ID, QUANTIDADE, VALOR_UNITARIO) 
    VALUES (16, 16, 16, 1, 900.00);

    INSERT INTO TB_ITEM_NOTA_FISCAL (ID, NOTA_FISCAL_ID, PRODUTO_ID, QUANTIDADE, VALOR_UNITARIO) 
    VALUES (17, 16, 17, 10, 7.00);

    INSERT INTO TB_ITEM_NOTA_FISCAL (ID, NOTA_FISCAL_ID, PRODUTO_ID, QUANTIDADE, VALOR_UNITARIO) 
    VALUES (18, 17, 18, 200, 1.20);

    INSERT INTO TB_ITEM_NOTA_FISCAL (ID, NOTA_FISCAL_ID, PRODUTO_ID, QUANTIDADE, VALOR_UNITARIO) 
    VALUES (19, 17, 19, 5, 60.00);

    INSERT INTO TB_ITEM_NOTA_FISCAL (ID, NOTA_FISCAL_ID, PRODUTO_ID, QUANTIDADE, VALOR_UNITARIO) 
    VALUES (20, 18, 20, 15, 8.00);

    -- Inserir dados na tabela TB_TRIBUTOS
    INSERT INTO TB_TRIBUTOS (ID, NOTA_FISCAL_ID, ICMS, IPI, PIS, COFINS) 
    VALUES (16, 16, 108.00, 30.00, 9.90, 36.00);

    INSERT INTO TB_TRIBUTOS (ID, NOTA_FISCAL_ID, ICMS, IPI, PIS, COFINS) 
    VALUES (17, 17, 54.00, 15.00, 4.95, 18.00);

    INSERT INTO TB_TRIBUTOS (ID, NOTA_FISCAL_ID, ICMS, IPI, PIS, COFINS) 
    VALUES (18, 18, 216.00, 60.00, 19.80, 72.00);

    INSERT INTO TB_TRIBUTOS (ID, NOTA_FISCAL_ID, ICMS, IPI, PIS, COFINS) 
    VALUES (19, 19, 108.00, 30.00, 9.90, 36.00);

    INSERT INTO TB_TRIBUTOS (ID, NOTA_FISCAL_ID, ICMS, IPI, PIS, COFINS) 
    VALUES (20, 20, NULL, NULL, NULL, NULL);

    -- Inserir dados na tabela TB_TRANSPORTADORA
    INSERT INTO TB_TRANSPORTADORA (ID, NOME, CNPJ, ENDERECO, TELEFONE, EMAIL) 
    VALUES (16, 'TransRápido Express', '11223344000188', 'Av. das Entregas, 1600', '1122445566', 'transrapido.express@email.com');

    INSERT INTO TB_TRANSPORTADORA (ID, NOME, CNPJ, ENDERECO, TELEFONE, EMAIL) 
    VALUES (17, 'Logística Ágil', '99887766000177', 'Rua dos Caminhões, 1700', '1199887766', 'logistica.agil@email.com');

    INSERT INTO TB_TRANSPORTADORA (ID, NOME, CNPJ, ENDERECO, TELEFONE, EMAIL) 
    VALUES (18, 'Carga Rápida', '55443322000166', 'Av. dos Carregamentos, 1800', '1144556677', 'carga.rapida@email.com');

    INSERT INTO TB_TRANSPORTADORA (ID, NOME, CNPJ, ENDERECO, TELEFONE, EMAIL) 
    VALUES (19, 'Veloz Transportes', '66778899000155', 'Rua das Estradas, 1900', '1155667788', 'veloz.transportes@email.com');

    INSERT INTO TB_TRANSPORTADORA (ID, NOME, CNPJ, ENDERECO, TELEFONE, EMAIL) 
    VALUES (20, 'Mundo Express', '22334455000144', 'Av. das Mercadorias, 2000', '1166778899', 'mundo.express@email.com');

    -- Inserir dados na tabela TB_FRETE
    INSERT INTO TB_FRETE (ID, NOTA_FISCAL_ID, TRANSPORTADORA_ID, VALOR_FRETE) 
    VALUES (16, 16, 16, 20.00);

    INSERT INTO TB_FRETE (ID, NOTA_FISCAL_ID, TRANSPORTADORA_ID, VALOR_FRETE) 
    VALUES (17, 17, 17, 30.00);

    INSERT INTO TB_FRETE (ID, NOTA_FISCAL_ID, TRANSPORTADORA_ID, VALOR_FRETE) 
    VALUES (18, 18, 18, 40.00);

    INSERT INTO TB_FRETE (ID, NOTA_FISCAL_ID, TRANSPORTADORA_ID, VALOR_FRETE) 
    VALUES (19, 19, 19, 50.00);

    INSERT INTO TB_FRETE (ID, NOTA_FISCAL_ID, TRANSPORTADORA_ID, VALOR_FRETE) 
    VALUES (20, 20, 20, 60.00);

    -- Inserir dados na tabela TB_EMITENTE
    INSERT INTO TB_EMITENTE (ID, NOME, CNPJ, ENDERECO, TELEFONE, EMAIL) 
    VALUES (21, 'TechFuture Solutions', '11223344000199', 'Av. das Inovações, 2100', '1133445566', 'techfuture@email.com');

    INSERT INTO TB_EMITENTE (ID, NOME, CNPJ, ENDERECO, TELEFONE, EMAIL) 
    VALUES (22, 'Alimentos Orgânicos Ltda', '99887766000188', 'Rua das Hortaliças, 500', '1199887766', 'alimentos.organicos@email.com');

    INSERT INTO TB_EMITENTE (ID, NOME, CNPJ, ENDERECO, TELEFONE, EMAIL) 
    VALUES (23, 'Construções Modernas', '55443322000177', 'Av. das Obras, 700', '1144556677', 'construcoes.modernas@email.com');

    INSERT INTO TB_EMITENTE (ID, NOME, CNPJ, ENDERECO, TELEFONE, EMAIL) 
    VALUES (24, 'Moda Elegante', '66778899000166', 'Rua das Tendências, 900', '1155667788', 'moda.elegante@email.com');

    INSERT INTO TB_EMITENTE (ID, NOME, CNPJ, ENDERECO, TELEFONE, EMAIL) 
    VALUES (25, 'Farmácia Saúde Total', '22334455000155', 'Av. dos Remédios, 1100', '1166778899', 'farmacia.saude@email.com');

    -- Inserir dados na tabela TB_DESTINATARIO
    INSERT INTO TB_DESTINATARIO (ID, NOME, CPF_CNPJ, ENDERECO, TELEFONE, EMAIL) 
    VALUES (21, 'Roberto Fernandes', '12345678913', 'Rua das Oliveiras, 125', '11987654324', 'roberto.fernandes@email.com');

    INSERT INTO TB_DESTINATARIO (ID, NOME, CPF_CNPJ, ENDERECO, TELEFONE, EMAIL) 
    VALUES (22, 'Carla Martins', '98765432144', 'Av. das Palmeiras, 458', '11988776656', 'carla.martins@email.com');

    INSERT INTO TB_DESTINATARIO (ID, NOME, CPF_CNPJ, ENDERECO, TELEFONE, EMAIL) 
    VALUES (23, 'Fernando Souza', '11122233377', 'Rua dos Coqueiros, 791', '11999887767', 'fernando.souza@email.com');

    INSERT INTO TB_DESTINATARIO (ID, NOME, CPF_CNPJ, ENDERECO, TELEFONE, EMAIL) 
    VALUES (24, 'Juliana Costa', '55566677711', 'Av. das Flores, 103', '11997766555', 'juliana.costa@email.com');

    INSERT INTO TB_DESTINATARIO (ID, NOME, CPF_CNPJ, ENDERECO, TELEFONE, EMAIL) 
    VALUES (25, 'Ricardo Alves', '99988877700', 'Rua das Orquídeas, 204', '11996655445', 'ricardo.alves@email.com');

    -- Inserir dados na tabela TB_PRODUTO
    INSERT INTO TB_PRODUTO (ID, DESCRICAO, CODIGO_BARRAS, NCM, CEST, UNIDADE, VALOR_UNITARIO) 
    VALUES (21, 'Tablet 8 Polegadas', '112233445599', '84713000', '123460', 'UN', 900.00);

    INSERT INTO TB_PRODUTO (ID, DESCRICAO, CODIGO_BARRAS, NCM, CEST, UNIDADE, VALOR_UNITARIO) 
    VALUES (22, 'Feijão Preto 1kg', '998877665555', '10063090', '654324', 'KG', 7.00);

    INSERT INTO TB_PRODUTO (ID, DESCRICAO, CODIGO_BARRAS, NCM, CEST, UNIDADE, VALOR_UNITARIO) 
    VALUES (23, 'Tijolo Baiano', '112233445600', '69041000', '332215', 'UN', 1.20);

    INSERT INTO TB_PRODUTO (ID, DESCRICAO, CODIGO_BARRAS, NCM, CEST, UNIDADE, VALOR_UNITARIO) 
    VALUES (24, 'Blusa Feminina', '998877665566', '62044300', '221137', 'UN', 60.00);

    INSERT INTO TB_PRODUTO (ID, DESCRICAO, CODIGO_BARRAS, NCM, CEST, UNIDADE, VALOR_UNITARIO) 
    VALUES (25, 'Ibuprofeno 400mg', '667788990044', '30049099', '665548', 'CX', 8.00);

    -- Inserir dados na tabela TB_NOTA_FISCAL
    INSERT INTO TB_NOTA_FISCAL (ID, NUMERO, SERIE, DATA_EMISSAO, VALOR_TOTAL, EMITENTE_ID, DESTINATARIO_ID, STATUS, CHAVE_ACESSO, TIPO_OPERACAO) 
    VALUES (21, '000012365', '012', TO_DATE('2025-03-21', 'YYYY-MM-DD'), NULL, 21, 21, 'Pendente', NULL, 'Saída');

    INSERT INTO TB_NOTA_FISCAL (ID, NUMERO, SERIE, DATA_EMISSAO, VALOR_TOTAL, EMITENTE_ID, DESTINATARIO_ID, STATUS, CHAVE_ACESSO, TIPO_OPERACAO) 
    VALUES (22, '000012366', '012', TO_DATE('2025-03-22', 'YYYY-MM-DD'), NULL, 22, 22, 'Pendente', NULL, 'Entrada');

    INSERT INTO TB_NOTA_FISCAL (ID, NUMERO, SERIE, DATA_EMISSAO, VALOR_TOTAL, EMITENTE_ID, DESTINATARIO_ID, STATUS, CHAVE_ACESSO, TIPO_OPERACAO) 
    VALUES (23, '000012367', '013', TO_DATE('2025-03-23', 'YYYY-MM-DD'), 2000.00, 23, 23, 'Autorizada', '3522025098765432101234567890123456789020', 'Saída');

    INSERT INTO TB_NOTA_FISCAL (ID, NUMERO, SERIE, DATA_EMISSAO, VALOR_TOTAL, EMITENTE_ID, DESTINATARIO_ID, STATUS, CHAVE_ACESSO, TIPO_OPERACAO) 
    VALUES (24, '000012368', '013', TO_DATE('2025-03-24', 'YYYY-MM-DD'), 1000.00, 24, 24, 'Autorizada', '3522025098765432101234567890123456789021', 'Entrada');

    INSERT INTO TB_NOTA_FISCAL (ID, NUMERO, SERIE, DATA_EMISSAO, VALOR_TOTAL, EMITENTE_ID, DESTINATARIO_ID, STATUS, CHAVE_ACESSO, TIPO_OPERACAO) 
    VALUES (25, '000012369', '014', TO_DATE('2025-03-25', 'YYYY-MM-DD'), NULL, 25, 25, 'Pendente', NULL, 'Saída');

    -- Inserir dados na tabela TB_ITEM_NOTA_FISCAL
    INSERT INTO TB_ITEM_NOTA_FISCAL (ID, NOTA_FISCAL_ID, PRODUTO_ID, QUANTIDADE, VALOR_UNITARIO) 
    VALUES (21, 21, 21, 1, 900.00);

    INSERT INTO TB_ITEM_NOTA_FISCAL (ID, NOTA_FISCAL_ID, PRODUTO_ID, QUANTIDADE, VALOR_UNITARIO) 
    VALUES (22, 21, 22, 10, 7.00);

    INSERT INTO TB_ITEM_NOTA_FISCAL (ID, NOTA_FISCAL_ID, PRODUTO_ID, QUANTIDADE, VALOR_UNITARIO) 
    VALUES (23, 22, 23, 200, 1.20);

    INSERT INTO TB_ITEM_NOTA_FISCAL (ID, NOTA_FISCAL_ID, PRODUTO_ID, QUANTIDADE, VALOR_UNITARIO) 
    VALUES (24, 22, 24, 5, 60.00);

    INSERT INTO TB_ITEM_NOTA_FISCAL (ID, NOTA_FISCAL_ID, PRODUTO_ID, QUANTIDADE, VALOR_UNITARIO) 
    VALUES (25, 23, 25, 15, 8.00);

    -- Inserir dados na tabela TB_TRIBUTOS
    INSERT INTO TB_TRIBUTOS (ID, NOTA_FISCAL_ID, ICMS, IPI, PIS, COFINS) 
    VALUES (21, 21, 108.00, 30.00, 9.90, 36.00);

    INSERT INTO TB_TRIBUTOS (ID, NOTA_FISCAL_ID, ICMS, IPI, PIS, COFINS) 
    VALUES (22, 22, 54.00, 15.00, 4.95, 18.00);

    INSERT INTO TB_TRIBUTOS (ID, NOTA_FISCAL_ID, ICMS, IPI, PIS, COFINS) 
    VALUES (23, 23, 216.00, 60.00, 19.80, 72.00);

    INSERT INTO TB_TRIBUTOS (ID, NOTA_FISCAL_ID, ICMS, IPI, PIS, COFINS) 
    VALUES (24, 24, 108.00, 30.00, 9.90, 36.00);

    INSERT INTO TB_TRIBUTOS (ID, NOTA_FISCAL_ID, ICMS, IPI, PIS, COFINS) 
    VALUES (25, 25, NULL, NULL, NULL, NULL);

    -- Inserir dados na tabela TB_TRANSPORTADORA
    INSERT INTO TB_TRANSPORTADORA (ID, NOME, CNPJ, ENDERECO, TELEFONE, EMAIL) 
    VALUES (21, 'TransRápido Express', '11223344000100', 'Av. das Entregas, 2100', '1122445566', 'transrapido.express@email.com');

    INSERT INTO TB_TRANSPORTADORA (ID, NOME, CNPJ, ENDERECO, TELEFONE, EMAIL) 
    VALUES (22, 'Logística Ágil', '99887766000199', 'Rua dos Caminhões, 2200', '1199887766', 'logistica.agil@email.com');

    INSERT INTO TB_TRANSPORTADORA (ID, NOME, CNPJ, ENDERECO, TELEFONE, EMAIL) 
    VALUES (23, 'Carga Rápida', '55443322000188', 'Av. dos Carregamentos, 2300', '1144556677', 'carga.rapida@email.com');

    INSERT INTO TB_TRANSPORTADORA (ID, NOME, CNPJ, ENDERECO, TELEFONE, EMAIL) 
    VALUES (24, 'Veloz Transportes', '66778899000177', 'Rua das Estradas, 2400', '1155667788', 'veloz.transportes@email.com');

    INSERT INTO TB_TRANSPORTADORA (ID, NOME, CNPJ, ENDERECO, TELEFONE, EMAIL) 
    VALUES (25, 'Mundo Express', '22334455000166', 'Av. das Mercadorias, 2500', '1166778899', 'mundo.express@email.com');

    -- Inserir dados na tabela TB_FRETE
    INSERT INTO TB_FRETE (ID, NOTA_FISCAL_ID, TRANSPORTADORA_ID, VALOR_FRETE) 
    VALUES (21, 21, 21, 25.00);

    INSERT INTO TB_FRETE (ID, NOTA_FISCAL_ID, TRANSPORTADORA_ID, VALOR_FRETE) 
    VALUES (22, 22, 22, 35.00);

    INSERT INTO TB_FRETE (ID, NOTA_FISCAL_ID, TRANSPORTADORA_ID, VALOR_FRETE) 
    VALUES (23, 23, 23, 45.00);

    INSERT INTO TB_FRETE (ID, NOTA_FISCAL_ID, TRANSPORTADORA_ID, VALOR_FRETE) 
    VALUES (24, 24, 24, 55.00);

    INSERT INTO TB_FRETE (ID, NOTA_FISCAL_ID, TRANSPORTADORA_ID, VALOR_FRETE) 
    VALUES (25, 25, 25, 65.00);

    -- Inserir dados na tabela TB_EMITENTE
    INSERT INTO TB_EMITENTE (ID, NOME, CNPJ, ENDERECO, TELEFONE, EMAIL) 
    VALUES (26, 'TechFuture Solutions', '11223344000111', 'Av. das Inovações, 2600', '1133445566', 'techfuture@email.com');

    INSERT INTO TB_EMITENTE (ID, NOME, CNPJ, ENDERECO, TELEFONE, EMAIL) 
    VALUES (27, 'Alimentos Orgânicos Ltda', '99887766000122', 'Rua das Hortaliças, 600', '1199887766', 'alimentos.organicos@email.com');

    INSERT INTO TB_EMITENTE (ID, NOME, CNPJ, ENDERECO, TELEFONE, EMAIL) 
    VALUES (28, 'Construções Modernas', '55443322000133', 'Av. das Obras, 800', '1144556677', 'construcoes.modernas@email.com');

    INSERT INTO TB_EMITENTE (ID, NOME, CNPJ, ENDERECO, TELEFONE, EMAIL) 
    VALUES (29, 'Moda Elegante', '66778899000144', 'Rua das Tendências, 1000', '1155667788', 'moda.elegante@email.com');

    INSERT INTO TB_EMITENTE (ID, NOME, CNPJ, ENDERECO, TELEFONE, EMAIL) 
    VALUES (30, 'Farmácia Saúde Total', '22334455000155', 'Av. dos Remédios, 1200', '1166778899', 'farmacia.saude@email.com');

    -- Inserir dados na tabela TB_DESTINATARIO
    INSERT INTO TB_DESTINATARIO (ID, NOME, CPF_CNPJ, ENDERECO, TELEFONE, EMAIL) 
    VALUES (26, 'Roberto Fernandes', '12345678914', 'Rua das Oliveiras, 126', '11987654325', 'roberto.fernandes@email.com');

    INSERT INTO TB_DESTINATARIO (ID, NOME, CPF_CNPJ, ENDERECO, TELEFONE, EMAIL) 
    VALUES (27, 'Carla Martins', '98765432155', 'Av. das Palmeiras, 459', '11988776657', 'carla.martins@email.com');

    INSERT INTO TB_DESTINATARIO (ID, NOME, CPF_CNPJ, ENDERECO, TELEFONE, EMAIL) 
    VALUES (28, 'Fernando Souza', '11122233388', 'Rua dos Coqueiros, 792', '11999887768', 'fernando.souza@email.com');

    INSERT INTO TB_DESTINATARIO (ID, NOME, CPF_CNPJ, ENDERECO, TELEFONE, EMAIL) 
    VALUES (29, 'Juliana Costa', '55566677722', 'Av. das Flores, 104', '11997766556', 'juliana.costa@email.com');

    INSERT INTO TB_DESTINATARIO (ID, NOME, CPF_CNPJ, ENDERECO, TELEFONE, EMAIL) 
    VALUES (30, 'Ricardo Alves', '99988877711', 'Rua das Orquídeas, 205', '11996655446', 'ricardo.alves@email.com');

    -- Inserir dados na tabela TB_PRODUTO
    INSERT INTO TB_PRODUTO (ID, DESCRICAO, CODIGO_BARRAS, NCM, CEST, UNIDADE, VALOR_UNITARIO) 
    VALUES (26, 'Tablet 8 Polegadas', '112233445600', '84713000', '123461', 'UN', 900.00);

    INSERT INTO TB_PRODUTO (ID, DESCRICAO, CODIGO_BARRAS, NCM, CEST, UNIDADE, VALOR_UNITARIO) 
    VALUES (27, 'Feijão Preto 1kg', '998877665566', '10063090', '654325', 'KG', 7.00);

    INSERT INTO TB_PRODUTO (ID, DESCRICAO, CODIGO_BARRAS, NCM, CEST, UNIDADE, VALOR_UNITARIO) 
    VALUES (28, 'Tijolo Baiano', '112233445611', '69041000', '332216', 'UN', 1.20);

    INSERT INTO TB_PRODUTO (ID, DESCRICAO, CODIGO_BARRAS, NCM, CEST, UNIDADE, VALOR_UNITARIO) 
    VALUES (29, 'Blusa Feminina', '998877665577', '62044300', '221138', 'UN', 60.00);

    INSERT INTO TB_PRODUTO (ID, DESCRICAO, CODIGO_BARRAS, NCM, CEST, UNIDADE, VALOR_UNITARIO) 
    VALUES (30, 'Ibuprofeno 400mg', '667788990055', '30049099', '665549', 'CX', 8.00);

    -- Inserir dados na tabela TB_NOTA_FISCAL
    INSERT INTO TB_NOTA_FISCAL (ID, NUMERO, SERIE, DATA_EMISSAO, VALOR_TOTAL, EMITENTE_ID, DESTINATARIO_ID, STATUS, CHAVE_ACESSO, TIPO_OPERACAO) 
    VALUES (26, '000012370', '015', TO_DATE('2025-03-26', 'YYYY-MM-DD'), NULL, 26, 26, 'Pendente', NULL, 'Saída');

    INSERT INTO TB_NOTA_FISCAL (ID, NUMERO, SERIE, DATA_EMISSAO, VALOR_TOTAL, EMITENTE_ID, DESTINATARIO_ID, STATUS, CHAVE_ACESSO, TIPO_OPERACAO) 
    VALUES (27, '000012371', '015', TO_DATE('2025-03-27', 'YYYY-MM-DD'), NULL, 27, 27, 'Pendente', NULL, 'Entrada');

    INSERT INTO TB_NOTA_FISCAL (ID, NUMERO, SERIE, DATA_EMISSAO, VALOR_TOTAL, EMITENTE_ID, DESTINATARIO_ID, STATUS, CHAVE_ACESSO, TIPO_OPERACAO) 
    VALUES (28, '000012372', '016', TO_DATE('2025-03-28', 'YYYY-MM-DD'), 2200.00, 28, 28, 'Autorizada', '3522025098765432101234567890123456789022', 'Saída');

    INSERT INTO TB_NOTA_FISCAL (ID, NUMERO, SERIE, DATA_EMISSAO, VALOR_TOTAL, EMITENTE_ID, DESTINATARIO_ID, STATUS, CHAVE_ACESSO, TIPO_OPERACAO) 
    VALUES (29, '000012373', '016', TO_DATE('2025-03-29', 'YYYY-MM-DD'), 1100.00, 29, 29, 'Autorizada', '3522025098765432101234567890123456789023', 'Entrada');

    INSERT INTO TB_NOTA_FISCAL (ID, NUMERO, SERIE, DATA_EMISSAO, VALOR_TOTAL, EMITENTE_ID, DESTINATARIO_ID, STATUS, CHAVE_ACESSO, TIPO_OPERACAO) 
    VALUES (30, '000012374', '017', TO_DATE('2025-03-30', 'YYYY-MM-DD'), NULL, 30, 30, 'Pendente', NULL, 'Saída');

    -- Inserir dados na tabela TB_ITEM_NOTA_FISCAL
    INSERT INTO TB_ITEM_NOTA_FISCAL (ID, NOTA_FISCAL_ID, PRODUTO_ID, QUANTIDADE, VALOR_UNITARIO) 
    VALUES (26, 26, 26, 1, 900.00);

    INSERT INTO TB_ITEM_NOTA_FISCAL (ID, NOTA_FISCAL_ID, PRODUTO_ID, QUANTIDADE, VALOR_UNITARIO) 
    VALUES (27, 26, 27, 10, 7.00);

    INSERT INTO TB_ITEM_NOTA_FISCAL (ID, NOTA_FISCAL_ID, PRODUTO_ID, QUANTIDADE, VALOR_UNITARIO) 
    VALUES (28, 27, 28, 200, 1.20);

    INSERT INTO TB_ITEM_NOTA_FISCAL (ID, NOTA_FISCAL_ID, PRODUTO_ID, QUANTIDADE, VALOR_UNITARIO) 
    VALUES (29, 27, 29, 5, 60.00);

    INSERT INTO TB_ITEM_NOTA_FISCAL (ID, NOTA_FISCAL_ID, PRODUTO_ID, QUANTIDADE, VALOR_UNITARIO) 
    VALUES (30, 28, 30, 15, 8.00);

    -- Inserir dados na tabela TB_TRIBUTOS
    INSERT INTO TB_TRIBUTOS (ID, NOTA_FISCAL_ID, ICMS, IPI, PIS, COFINS) 
    VALUES (26, 26, 108.00, 30.00, 9.90, 36.00);

    INSERT INTO TB_TRIBUTOS (ID, NOTA_FISCAL_ID, ICMS, IPI, PIS, COFINS) 
    VALUES (27, 27, 54.00, 15.00, 4.95, 18.00);

    INSERT INTO TB_TRIBUTOS (ID, NOTA_FISCAL_ID, ICMS, IPI, PIS, COFINS) 
    VALUES (28, 28, 216.00, 60.00, 19.80, 72.00);

    INSERT INTO TB_TRIBUTOS (ID, NOTA_FISCAL_ID, ICMS, IPI, PIS, COFINS) 
    VALUES (29, 29, 108.00, 30.00, 9.90, 36.00);

    INSERT INTO TB_TRIBUTOS (ID, NOTA_FISCAL_ID, ICMS, IPI, PIS, COFINS) 
    VALUES (30, 30, NULL, NULL, NULL, NULL);

    -- Inserir dados na tabela TB_TRANSPORTADORA
    INSERT INTO TB_TRANSPORTADORA (ID, NOME, CNPJ, ENDERECO, TELEFONE, EMAIL) 
    VALUES (26, 'TransRápido Express', '11223344000122', 'Av. das Entregas, 2600', '1122445566', 'transrapido.express@email.com');

    INSERT INTO TB_TRANSPORTADORA (ID, NOME, CNPJ, ENDERECO, TELEFONE, EMAIL) 
    VALUES (27, 'Logística Ágil', '99887766000133', 'Rua dos Caminhões, 2700', '1199887766', 'logistica.agil@email.com');

    INSERT INTO TB_TRANSPORTADORA (ID, NOME, CNPJ, ENDERECO, TELEFONE, EMAIL) 
    VALUES (28, 'Carga Rápida', '55443322000144', 'Av. dos Carregamentos, 2800', '1144556677', 'carga.rapida@email.com');

    INSERT INTO TB_TRANSPORTADORA (ID, NOME, CNPJ, ENDERECO, TELEFONE, EMAIL) 
    VALUES (29, 'Veloz Transportes', '66778899000155', 'Rua das Estradas, 2900', '1155667788', 'veloz.transportes@email.com');

    INSERT INTO TB_TRANSPORTADORA (ID, NOME, CNPJ, ENDERECO, TELEFONE, EMAIL) 
    VALUES (30, 'Mundo Express', '22334455000166', 'Av. das Mercadorias, 3000', '1166778899', 'mundo.express@email.com');

    -- Inserir dados na tabela TB_FRETE
    INSERT INTO TB_FRETE (ID, NOTA_FISCAL_ID, TRANSPORTADORA_ID, VALOR_FRETE) 
    VALUES (26, 26, 26, 30.00);

    INSERT INTO TB_FRETE (ID, NOTA_FISCAL_ID, TRANSPORTADORA_ID, VALOR_FRETE) 
    VALUES (27, 27, 27, 40.00);

    INSERT INTO TB_FRETE (ID, NOTA_FISCAL_ID, TRANSPORTADORA_ID, VALOR_FRETE) 
    VALUES (28, 28, 28, 50.00);

    INSERT INTO TB_FRETE (ID, NOTA_FISCAL_ID, TRANSPORTADORA_ID, VALOR_FRETE) 
    VALUES (29, 29, 29, 60.00);

    INSERT INTO TB_FRETE (ID, NOTA_FISCAL_ID, TRANSPORTADORA_ID, VALOR_FRETE) 
    VALUES (30, 30, 30, 70.00);

	INSERT INTO TB_EMITENTE (ID, NOME, CNPJ, ENDERECO, TELEFONE, EMAIL) VALUES (31, 'TechVision Soluções', '12345678000131', 'Av. das Inovações, 310', '1131313131', 'techvision@email.com');
    INSERT INTO TB_EMITENTE (ID, NOME, CNPJ, ENDERECO, TELEFONE, EMAIL) VALUES (32, 'AgroFértil do Brasil', '98765432000132', 'Rodovia dos Agricultores, 320', '1132323232', 'agrofertil@email.com');
    INSERT INTO TB_EMITENTE (ID, NOME, CNPJ, ENDERECO, TELEFONE, EMAIL) VALUES (33, 'ConstruMax Materiais', '11223344000133', 'Av. das Construções, 330', '1133333333', 'constru.max@email.com');
    INSERT INTO TB_EMITENTE (ID, NOME, CNPJ, ENDERECO, TELEFONE, EMAIL) VALUES (34, 'ModaTrend Confecções', '55667788000134', 'Rua da Moda, 340', '1134343434', 'modatrend@email.com');
    INSERT INTO TB_EMITENTE (ID, NOME, CNPJ, ENDERECO, TELEFONE, EMAIL) VALUES (35, 'HealthCare Medicamentos', '99887766000135', 'Av. Saúde, 350', '1135353535', 'healthcare@email.com');
    INSERT INTO TB_EMITENTE (ID, NOME, CNPJ, ENDERECO, TELEFONE, EMAIL) VALUES (36, 'InovaTech Sistemas', '11223344000136', 'Rua da Tecnologia, 360', '1136363636', 'inovatech@email.com');
    INSERT INTO TB_EMITENTE (ID, NOME, CNPJ, ENDERECO, TELEFONE, EMAIL) VALUES (37, 'AgroVida Fertilizantes', '98765432000137', 'Rodovia dos Produtores, 370', '1137373737', 'agrovida@email.com');
    INSERT INTO TB_EMITENTE (ID, NOME, CNPJ, ENDERECO, TELEFONE, EMAIL) VALUES (38, 'AutoParts Veículos', '11223344000138', 'Av. Automotiva, 380', '1138383838', 'autoparts@email.com');
    INSERT INTO TB_EMITENTE (ID, NOME, CNPJ, ENDERECO, TELEFONE, EMAIL) VALUES (39, 'EcoSustent Energia', '55667788000139', 'Rua Ecológica, 390', '1139393939', 'ecosustent@email.com');
    INSERT INTO TB_EMITENTE (ID, NOME, CNPJ, ENDERECO, TELEFONE, EMAIL) VALUES (40, 'PetLove Alimentos', '99887766000140', 'Av. dos Animais, 400', '1140404040', 'petlove@email.com');
    INSERT INTO TB_EMITENTE (ID, NOME, CNPJ, ENDERECO, TELEFONE, EMAIL) VALUES (41, 'TechInova Sistemas', '11223344000141', 'Rua da Inovação, 410', '1141414141', 'techinova@email.com');
    INSERT INTO TB_EMITENTE (ID, NOME, CNPJ, ENDERECO, TELEFONE, EMAIL) VALUES (42, 'AgroFértil Fertilizantes', '98765432000142', 'Rodovia dos Agricultores, 420', '1142424242', 'agrofertil@email.com');
    INSERT INTO TB_EMITENTE (ID, NOME, CNPJ, ENDERECO, TELEFONE, EMAIL) VALUES (43, 'AutoParts Veículos', '11223344000143', 'Av. Automotiva, 430', '1143434343', 'autoparts@email.com');
    INSERT INTO TB_EMITENTE (ID, NOME, CNPJ, ENDERECO, TELEFONE, EMAIL) VALUES (44, 'EcoSustent Energia', '55667788000144', 'Rua Ecológica, 440', '1144444444', 'ecosustent@email.com');
    INSERT INTO TB_EMITENTE (ID, NOME, CNPJ, ENDERECO, TELEFONE, EMAIL) VALUES (45, 'PetLove Alimentos', '99887766000145', 'Av. dos Animais, 450', '1145454545', 'petlove@email.com');
    INSERT INTO TB_EMITENTE (ID, NOME, CNPJ, ENDERECO, TELEFONE, EMAIL) VALUES (46, 'TechInova Sistemas', '11223344000146', 'Rua da Inovação, 460', '1146464646', 'techinova@email.com');
    INSERT INTO TB_EMITENTE (ID, NOME, CNPJ, ENDERECO, TELEFONE, EMAIL) VALUES (47, 'AgroFértil Fertilizantes', '98765432000147', 'Rodovia dos Agricultores, 470', '1147474747', 'agrofertil@email.com');
    INSERT INTO TB_EMITENTE (ID, NOME, CNPJ, ENDERECO, TELEFONE, EMAIL) VALUES (48, 'AutoParts Veículos', '11223344000148', 'Av. Automotiva, 480', '1148484848', 'autoparts@email.com');
    INSERT INTO TB_EMITENTE (ID, NOME, CNPJ, ENDERECO, TELEFONE, EMAIL) VALUES (49, 'EcoSustent Energia', '55667788000149', 'Rua Ecológica, 490', '1149494949', 'ecosustent@email.com');
    INSERT INTO TB_EMITENTE (ID, NOME, CNPJ, ENDERECO, TELEFONE, EMAIL) VALUES (50, 'PetLove Alimentos', '99887766000150', 'Av. dos Animais, 500', '1150505050', 'petlove@email.com');
    -- Inserir dados na tabela TB_DESTINATARIO
    INSERT INTO TB_DESTINATARIO (ID, NOME, CPF_CNPJ, ENDERECO, TELEFONE, EMAIL) VALUES (81, 'João Silva', '12345678981', 'Rua das Palmeiras, 81', '11987654381', 'joao.silva@email.com');
    INSERT INTO TB_DESTINATARIO (ID, NOME, CPF_CNPJ, ENDERECO, TELEFONE, EMAIL) VALUES (82, 'Maria Oliveira', '98765432182', 'Av. das Acácias, 82', '11988776682', 'maria.oliveira@email.com');
    INSERT INTO TB_DESTINATARIO (ID, NOME, CPF_CNPJ, ENDERECO, TELEFONE, EMAIL) VALUES (83, 'Carlos Souza', '11122233383', 'Rua dos Pinheiros, 83', '11999887783', 'carlos.souza@email.com');
    INSERT INTO TB_DESTINATARIO (ID, NOME, CPF_CNPJ, ENDERECO, TELEFONE, EMAIL) VALUES (84, 'Ana Costa', '55566677784', 'Av. das Rosas, 84', '11997766584', 'ana.costa@email.com');
    INSERT INTO TB_DESTINATARIO (ID, NOME, CPF_CNPJ, ENDERECO, TELEFONE, EMAIL) VALUES (85, 'Pedro Rocha', '99988877785', 'Rua das Orquídeas, 85', '11996655485', 'pedro.rocha@email.com');
    INSERT INTO TB_DESTINATARIO (ID, NOME, CPF_CNPJ, ENDERECO, TELEFONE, EMAIL) VALUES (86, 'Fernanda Lima', '12345678986', 'Av. dos Lírios, 86', '11995544386', 'fernanda.lima@email.com');
    INSERT INTO TB_DESTINATARIO (ID, NOME, CPF_CNPJ, ENDERECO, TELEFONE, EMAIL) VALUES (87, 'Ricardo Almeida', '98765432187', 'Rua das Margaridas, 87', '11994433287', 'ricardo.almeida@email.com');
    INSERT INTO TB_DESTINATARIO (ID, NOME, CPF_CNPJ, ENDERECO, TELEFONE, EMAIL) VALUES (88, 'Juliana Santos', '11122233388', 'Av. das Tulipas, 88', '11993322188', 'juliana.santos@email.com');
    INSERT INTO TB_DESTINATARIO (ID, NOME, CPF_CNPJ, ENDERECO, TELEFONE, EMAIL) VALUES (89, 'Lucas Pereira', '55566677789', 'Rua das Violetas, 89', '11992211089', 'lucas.pereira@email.com');
    INSERT INTO TB_DESTINATARIO (ID, NOME, CPF_CNPJ, ENDERECO, TELEFONE, EMAIL) VALUES (90, 'Patrícia Mendes', '99988877790', 'Av. das Hortênsias, 90', '11991100990', 'patricia.mendes@email.com');
    INSERT INTO TB_DESTINATARIO (ID, NOME, CPF_CNPJ, ENDERECO, TELEFONE, EMAIL) VALUES (91, 'Roberto Fernandes', '12345678991', 'Rua das Oliveiras, 91', '11987654391', 'roberto.fernandes@email.com');
    INSERT INTO TB_DESTINATARIO (ID, NOME, CPF_CNPJ, ENDERECO, TELEFONE, EMAIL) VALUES (92, 'Carla Martins', '98765432192', 'Av. das Palmeiras, 92', '11988776692', 'carla.martins@email.com');
    INSERT INTO TB_DESTINATARIO (ID, NOME, CPF_CNPJ, ENDERECO, TELEFONE, EMAIL) VALUES (93, 'Fernando Souza', '11122233393', 'Rua dos Coqueiros, 93', '11999887793', 'fernando.souza@email.com');
    INSERT INTO TB_DESTINATARIO (ID, NOME, CPF_CNPJ, ENDERECO, TELEFONE, EMAIL) VALUES (94, 'Juliana Costa', '55566677794', 'Av. das Flores, 94', '11997766594', 'juliana.costa@email.com');
    INSERT INTO TB_DESTINATARIO (ID, NOME, CPF_CNPJ, ENDERECO, TELEFONE, EMAIL) VALUES (95, 'Ricardo Alves', '99988877795', 'Rua das Orquídeas, 95', '11996655495', 'ricardo.alves@email.com');
    INSERT INTO TB_DESTINATARIO (ID, NOME, CPF_CNPJ, ENDERECO, TELEFONE, EMAIL) VALUES (96, 'Fernanda Lima', '12345678996', 'Av. dos Lírios, 96', '11995544396', 'fernanda.lima@email.com');
    INSERT INTO TB_DESTINATARIO (ID, NOME, CPF_CNPJ, ENDERECO, TELEFONE, EMAIL) VALUES (97, 'Ricardo Almeida', '98765432197', 'Rua das Margaridas, 97', '11994433297', 'ricardo.almeida@email.com');
    INSERT INTO TB_DESTINATARIO (ID, NOME, CPF_CNPJ, ENDERECO, TELEFONE, EMAIL) VALUES (98, 'Juliana Santos', '11122233398', 'Av. das Tulipas, 98', '11993322198', 'juliana.santos@email.com');
    INSERT INTO TB_DESTINATARIO (ID, NOME, CPF_CNPJ, ENDERECO, TELEFONE, EMAIL) VALUES (99, 'Lucas Pereira', '55566677799', 'Rua das Violetas, 99', '11992211099', 'lucas.pereira@email.com');
    INSERT INTO TB_DESTINATARIO (ID, NOME, CPF_CNPJ, ENDERECO, TELEFONE, EMAIL) VALUES (100, 'Patrícia Mendes', '99988877700', 'Av. das Hortênsias, 100', '11991100900', 'patricia.mendes@email.com');

    -- Inserir dados na tabela TB_PRODUTO
    INSERT INTO TB_PRODUTO (ID, DESCRICAO, CODIGO_BARRAS, NCM, CEST, UNIDADE, VALOR_UNITARIO) VALUES (81, 'Notebook Ultra Slim', '123456789081', '84713000', '123456', 'UN', 3500.00);
    INSERT INTO TB_PRODUTO (ID, DESCRICAO, CODIGO_BARRAS, NCM, CEST, UNIDADE, VALOR_UNITARIO) VALUES (82, 'Arroz Integral 5kg', '987654321082', '10063090', '654321', 'KG', 25.00);
    INSERT INTO TB_PRODUTO (ID, DESCRICAO, CODIGO_BARRAS, NCM, CEST, UNIDADE, VALOR_UNITARIO) VALUES (83, 'Cimento Portland', '112233445583', '25232900', '332211', 'SC', 30.00);
    INSERT INTO TB_PRODUTO (ID, DESCRICAO, CODIGO_BARRAS, NCM, CEST, UNIDADE, VALOR_UNITARIO) VALUES (84, 'Camiseta Masculina M', '998877665584', '61091000', '221133', 'UN', 50.00);
    INSERT INTO TB_PRODUTO (ID, DESCRICAO, CODIGO_BARRAS, NCM, CEST, UNIDADE, VALOR_UNITARIO) VALUES (85, 'Paracetamol 500mg', '667788990085', '30049099', '665544', 'CX', 10.00);
    INSERT INTO TB_PRODUTO (ID, DESCRICAO, CODIGO_BARRAS, NCM, CEST, UNIDADE, VALOR_UNITARIO) VALUES (86, 'Smartphone 128GB', '123456789086', '85171300', '123457', 'UN', 2000.00);
    INSERT INTO TB_PRODUTO (ID, DESCRICAO, CODIGO_BARRAS, NCM, CEST, UNIDADE, VALOR_UNITARIO) VALUES (87, 'Adubo NPK 20kg', '987654321087', '31051000', '654322', 'SC', 80.00);
    INSERT INTO TB_PRODUTO (ID, DESCRICAO, CODIGO_BARRAS, NCM, CEST, UNIDADE, VALOR_UNITARIO) VALUES (88, 'Pneu Aro 15', '112233445588', '40111000', '332212', 'UN', 300.00);
    INSERT INTO TB_PRODUTO (ID, DESCRICAO, CODIGO_BARRAS, NCM, CEST, UNIDADE, VALOR_UNITARIO) VALUES (89, 'Painel Solar 150W', '998877665589', '85414000', '221134', 'UN', 800.00);
    INSERT INTO TB_PRODUTO (ID, DESCRICAO, CODIGO_BARRAS, NCM, CEST, UNIDADE, VALOR_UNITARIO) VALUES (90, 'Ração para Cães 10kg', '667788990090', '23091000', '665545', 'SC', 120.00);
    INSERT INTO TB_PRODUTO (ID, DESCRICAO, CODIGO_BARRAS, NCM, CEST, UNIDADE, VALOR_UNITARIO) VALUES (91, 'Tablet 10 Polegadas', '123456789091', '84713000', '123458', 'UN', 1200.00);
    INSERT INTO TB_PRODUTO (ID, DESCRICAO, CODIGO_BARRAS, NCM, CEST, UNIDADE, VALOR_UNITARIO) VALUES (92, 'Feijão Carioca 1kg', '987654321092', '10063090', '654323', 'KG', 8.00);
    INSERT INTO TB_PRODUTO (ID, DESCRICAO, CODIGO_BARRAS, NCM, CEST, UNIDADE, VALOR_UNITARIO) VALUES (93, 'Tijolo Cerâmico', '112233445593', '69041000', '332213', 'UN', 1.50);
    INSERT INTO TB_PRODUTO (ID, DESCRICAO, CODIGO_BARRAS, NCM, CEST, UNIDADE, VALOR_UNITARIO) VALUES (94, 'Vestido Feminino', '998877665594', '62044300', '221135', 'UN', 80.00);
    INSERT INTO TB_PRODUTO (ID, DESCRICAO, CODIGO_BARRAS, NCM, CEST, UNIDADE, VALOR_UNITARIO) VALUES (95, 'Dipirona 500mg', '667788990095', '30049099', '665546', 'CX', 5.00);
    INSERT INTO TB_PRODUTO (ID, DESCRICAO, CODIGO_BARRAS, NCM, CEST, UNIDADE, VALOR_UNITARIO) VALUES (96, 'Smartphone 256GB', '123456789096', '85171300', '123459', 'UN', 2500.00);
    INSERT INTO TB_PRODUTO (ID, DESCRICAO, CODIGO_BARRAS, NCM, CEST, UNIDADE, VALOR_UNITARIO) VALUES (97, 'Adubo Orgânico 10kg', '987654321097', '31051000', '654324', 'SC', 60.00);
    INSERT INTO TB_PRODUTO (ID, DESCRICAO, CODIGO_BARRAS, NCM, CEST, UNIDADE, VALOR_UNITARIO) VALUES (98, 'Pneu Aro 16', '112233445598', '40111000', '332213', 'UN', 350.00);
    INSERT INTO TB_PRODUTO (ID, DESCRICAO, CODIGO_BARRAS, NCM, CEST, UNIDADE, VALOR_UNITARIO) VALUES (99, 'Painel Solar 200W', '998877665599', '85414000', '221136', 'UN', 1000.00);
    INSERT INTO TB_PRODUTO (ID, DESCRICAO, CODIGO_BARRAS, NCM, CEST, UNIDADE, VALOR_UNITARIO) VALUES (100, 'Ração para Gatos 5kg', '667788990100', '23091000', '665547', 'SC', 90.00);

    -- Inserir dados na tabela TB_NOTA_FISCAL
    INSERT INTO TB_NOTA_FISCAL (ID, NUMERO, SERIE, DATA_EMISSAO, VALOR_TOTAL, EMITENTE_ID, DESTINATARIO_ID, STATUS, CHAVE_ACESSO, TIPO_OPERACAO) VALUES (81, '000012381', '001', TO_DATE('2025-03-01', 'YYYY-MM-DD'), NULL, 31, 81, 'Pendente', NULL, 'Saída');
    INSERT INTO TB_NOTA_FISCAL (ID, NUMERO, SERIE, DATA_EMISSAO, VALOR_TOTAL, EMITENTE_ID, DESTINATARIO_ID, STATUS, CHAVE_ACESSO, TIPO_OPERACAO) VALUES (82, '000012382', '001', TO_DATE('2025-03-02', 'YYYY-MM-DD'), NULL, 32, 82, 'Pendente', NULL, 'Entrada');
    INSERT INTO TB_NOTA_FISCAL (ID, NUMERO, SERIE, DATA_EMISSAO, VALOR_TOTAL, EMITENTE_ID, DESTINATARIO_ID, STATUS, CHAVE_ACESSO, TIPO_OPERACAO) VALUES (83, '000012383', '002', TO_DATE('2025-03-03', 'YYYY-MM-DD'), 1000.00, 33, 83, 'Autorizada', '3522025098765432101234567890123456789024', 'Saída');
    INSERT INTO TB_NOTA_FISCAL (ID, NUMERO, SERIE, DATA_EMISSAO, VALOR_TOTAL, EMITENTE_ID, DESTINATARIO_ID, STATUS, CHAVE_ACESSO, TIPO_OPERACAO) VALUES (84, '000012384', '002', TO_DATE('2025-03-04', 'YYYY-MM-DD'), 500.00, 34, 84, 'Autorizada', '3522025098765432101234567890123456789025', 'Entrada');
    INSERT INTO TB_NOTA_FISCAL (ID, NUMERO, SERIE, DATA_EMISSAO, VALOR_TOTAL, EMITENTE_ID, DESTINATARIO_ID, STATUS, CHAVE_ACESSO, TIPO_OPERACAO) VALUES (85, '000012385', '003', TO_DATE('2025-03-05', 'YYYY-MM-DD'), NULL, 35, 85, 'Pendente', NULL, 'Saída');
    INSERT INTO TB_NOTA_FISCAL (ID, NUMERO, SERIE, DATA_EMISSAO, VALOR_TOTAL, EMITENTE_ID, DESTINATARIO_ID, STATUS, CHAVE_ACESSO, TIPO_OPERACAO) VALUES (86, '000012386', '003', TO_DATE('2025-03-06', 'YYYY-MM-DD'), NULL, 36, 86, 'Pendente', NULL, 'Entrada');
    INSERT INTO TB_NOTA_FISCAL (ID, NUMERO, SERIE, DATA_EMISSAO, VALOR_TOTAL, EMITENTE_ID, DESTINATARIO_ID, STATUS, CHAVE_ACESSO, TIPO_OPERACAO) VALUES (87, '000012387', '004', TO_DATE('2025-03-07', 'YYYY-MM-DD'), 1200.00, 37, 87, 'Autorizada', '3522025098765432101234567890123456789026', 'Saída');
    INSERT INTO TB_NOTA_FISCAL (ID, NUMERO, SERIE, DATA_EMISSAO, VALOR_TOTAL, EMITENTE_ID, DESTINATARIO_ID, STATUS, CHAVE_ACESSO, TIPO_OPERACAO) VALUES (88, '000012388', '004', TO_DATE('2025-03-08', 'YYYY-MM-DD'), 600.00, 38, 88, 'Autorizada', '3522025098765432101234567890123456789027', 'Entrada');
    INSERT INTO TB_NOTA_FISCAL (ID, NUMERO, SERIE, DATA_EMISSAO, VALOR_TOTAL, EMITENTE_ID, DESTINATARIO_ID, STATUS, CHAVE_ACESSO, TIPO_OPERACAO) VALUES (89, '000012389', '005', TO_DATE('2025-03-09', 'YYYY-MM-DD'), NULL, 39, 89, 'Pendente', NULL, 'Saída');
    INSERT INTO TB_NOTA_FISCAL (ID, NUMERO, SERIE, DATA_EMISSAO, VALOR_TOTAL, EMITENTE_ID, DESTINATARIO_ID, STATUS, CHAVE_ACESSO, TIPO_OPERACAO) VALUES (90, '000012390', '005', TO_DATE('2025-03-10', 'YYYY-MM-DD'), NULL, 40, 90, 'Pendente', NULL, 'Entrada');
    INSERT INTO TB_NOTA_FISCAL (ID, NUMERO, SERIE, DATA_EMISSAO, VALOR_TOTAL, EMITENTE_ID, DESTINATARIO_ID, STATUS, CHAVE_ACESSO, TIPO_OPERACAO) VALUES (91, '000012391', '006', TO_DATE('2025-03-11', 'YYYY-MM-DD'), NULL, 41, 91, 'Pendente', NULL, 'Saída');
    INSERT INTO TB_NOTA_FISCAL (ID, NUMERO, SERIE, DATA_EMISSAO, VALOR_TOTAL, EMITENTE_ID, DESTINATARIO_ID, STATUS, CHAVE_ACESSO, TIPO_OPERACAO) VALUES (92, '000012392', '006', TO_DATE('2025-03-12', 'YYYY-MM-DD'), NULL, 42, 92, 'Pendente', NULL, 'Entrada');
    INSERT INTO TB_NOTA_FISCAL (ID, NUMERO, SERIE, DATA_EMISSAO, VALOR_TOTAL, EMITENTE_ID, DESTINATARIO_ID, STATUS, CHAVE_ACESSO, TIPO_OPERACAO) VALUES (93, '000012393', '007', TO_DATE('2025-03-13', 'YYYY-MM-DD'), 1500.00, 43, 93, 'Autorizada', '3522025098765432101234567890123456789028', 'Saída');
    INSERT INTO TB_NOTA_FISCAL (ID, NUMERO, SERIE, DATA_EMISSAO, VALOR_TOTAL, EMITENTE_ID, DESTINATARIO_ID, STATUS, CHAVE_ACESSO, TIPO_OPERACAO) VALUES (94, '000012394', '007', TO_DATE('2025-03-14', 'YYYY-MM-DD'), 700.00, 44, 94, 'Autorizada', '3522025098765432101234567890123456789029', 'Entrada');
    INSERT INTO TB_NOTA_FISCAL (ID, NUMERO, SERIE, DATA_EMISSAO, VALOR_TOTAL, EMITENTE_ID, DESTINATARIO_ID, STATUS, CHAVE_ACESSO, TIPO_OPERACAO) VALUES (95, '000012395', '008', TO_DATE('2025-03-15', 'YYYY-MM-DD'), NULL, 45, 95, 'Pendente', NULL, 'Saída');
    INSERT INTO TB_NOTA_FISCAL (ID, NUMERO, SERIE, DATA_EMISSAO, VALOR_TOTAL, EMITENTE_ID, DESTINATARIO_ID, STATUS, CHAVE_ACESSO, TIPO_OPERACAO) VALUES (96, '000012396', '008', TO_DATE('2025-03-16', 'YYYY-MM-DD'), NULL, 46, 96, 'Pendente', NULL, 'Entrada');
    INSERT INTO TB_NOTA_FISCAL (ID, NUMERO, SERIE, DATA_EMISSAO, VALOR_TOTAL, EMITENTE_ID, DESTINATARIO_ID, STATUS, CHAVE_ACESSO, TIPO_OPERACAO) VALUES (97, '000012397', '009', TO_DATE('2025-03-17', 'YYYY-MM-DD'), 1800.00, 47, 97, 'Autorizada', '3522025098765432101234567890123456789030', 'Saída');
    INSERT INTO TB_NOTA_FISCAL (ID, NUMERO, SERIE, DATA_EMISSAO, VALOR_TOTAL, EMITENTE_ID, DESTINATARIO_ID, STATUS, CHAVE_ACESSO, TIPO_OPERACAO) VALUES (98, '000012398', '009', TO_DATE('2025-03-18', 'YYYY-MM-DD'), 900.00, 48, 98, 'Autorizada', '3522025098765432101234567890123456789031', 'Entrada');
    INSERT INTO TB_NOTA_FISCAL (ID, NUMERO, SERIE, DATA_EMISSAO, VALOR_TOTAL, EMITENTE_ID, DESTINATARIO_ID, STATUS, CHAVE_ACESSO, TIPO_OPERACAO) VALUES (99, '000012399', '010', TO_DATE('2025-03-19', 'YYYY-MM-DD'), NULL, 49, 99, 'Pendente', NULL, 'Saída');
    INSERT INTO TB_NOTA_FISCAL (ID, NUMERO, SERIE, DATA_EMISSAO, VALOR_TOTAL, EMITENTE_ID, DESTINATARIO_ID, STATUS, CHAVE_ACESSO, TIPO_OPERACAO) VALUES (100, '000012400', '010', TO_DATE('2025-03-20', 'YYYY-MM-DD'), NULL, 50, 100, 'Pendente', NULL, 'Entrada');

    -- Inserir dados na tabela TB_ITEM_NOTA_FISCAL
    INSERT INTO TB_ITEM_NOTA_FISCAL (ID, NOTA_FISCAL_ID, PRODUTO_ID, QUANTIDADE, VALOR_UNITARIO) VALUES (81, 81, 81, 1, 3500.00);
    INSERT INTO TB_ITEM_NOTA_FISCAL (ID, NOTA_FISCAL_ID, PRODUTO_ID, QUANTIDADE, VALOR_UNITARIO) VALUES (82, 81, 82, 2, 25.00);
    INSERT INTO TB_ITEM_NOTA_FISCAL (ID, NOTA_FISCAL_ID, PRODUTO_ID, QUANTIDADE, VALOR_UNITARIO) VALUES (83, 82, 83, 10, 30.00);
    INSERT INTO TB_ITEM_NOTA_FISCAL (ID, NOTA_FISCAL_ID, PRODUTO_ID, QUANTIDADE, VALOR_UNITARIO) VALUES (84, 82, 84, 5, 50.00);
    INSERT INTO TB_ITEM_NOTA_FISCAL (ID, NOTA_FISCAL_ID, PRODUTO_ID, QUANTIDADE, VALOR_UNITARIO) VALUES (85, 83, 85, 3, 10.00);
    INSERT INTO TB_ITEM_NOTA_FISCAL (ID, NOTA_FISCAL_ID, PRODUTO_ID, QUANTIDADE, VALOR_UNITARIO) VALUES (86, 83, 86, 1, 2000.00);
    INSERT INTO TB_ITEM_NOTA_FISCAL (ID, NOTA_FISCAL_ID, PRODUTO_ID, QUANTIDADE, VALOR_UNITARIO) VALUES (87, 84, 87, 2, 80.00);
    INSERT INTO TB_ITEM_NOTA_FISCAL (ID, NOTA_FISCAL_ID, PRODUTO_ID, QUANTIDADE, VALOR_UNITARIO) VALUES (88, 84, 88, 4, 300.00);
    INSERT INTO TB_ITEM_NOTA_FISCAL (ID, NOTA_FISCAL_ID, PRODUTO_ID, QUANTIDADE, VALOR_UNITARIO) VALUES (89, 85, 89, 1, 800.00);
    INSERT INTO TB_ITEM_NOTA_FISCAL (ID, NOTA_FISCAL_ID, PRODUTO_ID, QUANTIDADE, VALOR_UNITARIO) VALUES (90, 85, 90, 2, 120.00);
    INSERT INTO TB_ITEM_NOTA_FISCAL (ID, NOTA_FISCAL_ID, PRODUTO_ID, QUANTIDADE, VALOR_UNITARIO) VALUES (91, 86, 91, 1, 1200.00);
    INSERT INTO TB_ITEM_NOTA_FISCAL (ID, NOTA_FISCAL_ID, PRODUTO_ID, QUANTIDADE, VALOR_UNITARIO) VALUES (92, 86, 92, 5, 8.00);
    INSERT INTO TB_ITEM_NOTA_FISCAL (ID, NOTA_FISCAL_ID, PRODUTO_ID, QUANTIDADE, VALOR_UNITARIO) VALUES (93, 87, 93, 100, 1.50);
    INSERT INTO TB_ITEM_NOTA_FISCAL (ID, NOTA_FISCAL_ID, PRODUTO_ID, QUANTIDADE, VALOR_UNITARIO) VALUES (94, 87, 94, 3, 80.00);
    INSERT INTO TB_ITEM_NOTA_FISCAL (ID, NOTA_FISCAL_ID, PRODUTO_ID, QUANTIDADE, VALOR_UNITARIO) VALUES (95, 88, 95, 15, 5.00);
    INSERT INTO TB_ITEM_NOTA_FISCAL (ID, NOTA_FISCAL_ID, PRODUTO_ID, QUANTIDADE, VALOR_UNITARIO) VALUES (96, 88, 96, 1, 2500.00);
    INSERT INTO TB_ITEM_NOTA_FISCAL (ID, NOTA_FISCAL_ID, PRODUTO_ID, QUANTIDADE, VALOR_UNITARIO) VALUES (97, 89, 97, 2, 60.00);
    INSERT INTO TB_ITEM_NOTA_FISCAL (ID, NOTA_FISCAL_ID, PRODUTO_ID, QUANTIDADE, VALOR_UNITARIO) VALUES (98, 89, 98, 4, 350.00);
    INSERT INTO TB_ITEM_NOTA_FISCAL (ID, NOTA_FISCAL_ID, PRODUTO_ID, QUANTIDADE, VALOR_UNITARIO) VALUES (99, 90, 99, 1, 1000.00);
    INSERT INTO TB_ITEM_NOTA_FISCAL (ID, NOTA_FISCAL_ID, PRODUTO_ID, QUANTIDADE, VALOR_UNITARIO) VALUES (100, 90, 100, 2, 90.00);

    -- Inserir dados na tabela TB_TRIBUTOS
    INSERT INTO TB_TRIBUTOS (ID, NOTA_FISCAL_ID, ICMS, IPI, PIS, COFINS) VALUES (81, 81, 180.00, 50.00, 16.50, 60.00);
    INSERT INTO TB_TRIBUTOS (ID, NOTA_FISCAL_ID, ICMS, IPI, PIS, COFINS) VALUES (82, 82, 90.00, 25.00, 8.25, 30.00);
    INSERT INTO TB_TRIBUTOS (ID, NOTA_FISCAL_ID, ICMS, IPI, PIS, COFINS) VALUES (83, 83, 216.00, 60.00, 19.80, 72.00);
    INSERT INTO TB_TRIBUTOS (ID, NOTA_FISCAL_ID, ICMS, IPI, PIS, COFINS) VALUES (84, 84, 108.00, 30.00, 9.90, 36.00);
    INSERT INTO TB_TRIBUTOS (ID, NOTA_FISCAL_ID, ICMS, IPI, PIS, COFINS) VALUES (85, 85, NULL, NULL, NULL, NULL);
    INSERT INTO TB_TRIBUTOS (ID, NOTA_FISCAL_ID, ICMS, IPI, PIS, COFINS) VALUES (86, 86, NULL, NULL, NULL, NULL);
    INSERT INTO TB_TRIBUTOS (ID, NOTA_FISCAL_ID, ICMS, IPI, PIS, COFINS) VALUES (87, 87, NULL, NULL, NULL, NULL);
    INSERT INTO TB_TRIBUTOS (ID, NOTA_FISCAL_ID, ICMS, IPI, PIS, COFINS) VALUES (88, 88, NULL, NULL, NULL, NULL);
    INSERT INTO TB_TRIBUTOS (ID, NOTA_FISCAL_ID, ICMS, IPI, PIS, COFINS) VALUES (89, 89, NULL, NULL, NULL, NULL);
    INSERT INTO TB_TRIBUTOS (ID, NOTA_FISCAL_ID, ICMS, IPI, PIS, COFINS) VALUES (90, 90, NULL, NULL, NULL, NULL);
    INSERT INTO TB_TRIBUTOS (ID, NOTA_FISCAL_ID, ICMS, IPI, PIS, COFINS) VALUES (91, 91, 144.00, 40.00, 13.20, 48.00);
    INSERT INTO TB_TRIBUTOS (ID, NOTA_FISCAL_ID, ICMS, IPI, PIS, COFINS) VALUES (92, 92, 72.00, 20.00, 6.60, 24.00);
    INSERT INTO TB_TRIBUTOS (ID, NOTA_FISCAL_ID, ICMS, IPI, PIS, COFINS) VALUES (93, 93, 180.00, 50.00, 16.50, 60.00);
    INSERT INTO TB_TRIBUTOS (ID, NOTA_FISCAL_ID, ICMS, IPI, PIS, COFINS) VALUES (94, 94, 90.00, 25.00, 8.25, 30.00);
    INSERT INTO TB_TRIBUTOS (ID, NOTA_FISCAL_ID, ICMS, IPI, PIS, COFINS) VALUES (95, 95, NULL, NULL, NULL, NULL);
    INSERT INTO TB_TRIBUTOS (ID, NOTA_FISCAL_ID, ICMS, IPI, PIS, COFINS) VALUES (96, 96, NULL, NULL, NULL, NULL);
    INSERT INTO TB_TRIBUTOS (ID, NOTA_FISCAL_ID, ICMS, IPI, PIS, COFINS) VALUES (97, 97, NULL, NULL, NULL, NULL);
    INSERT INTO TB_TRIBUTOS (ID, NOTA_FISCAL_ID, ICMS, IPI, PIS, COFINS) VALUES (98, 98, NULL, NULL, NULL, NULL);
    INSERT INTO TB_TRIBUTOS (ID, NOTA_FISCAL_ID, ICMS, IPI, PIS, COFINS) VALUES (99, 99, NULL, NULL, NULL, NULL);
    INSERT INTO TB_TRIBUTOS (ID, NOTA_FISCAL_ID, ICMS, IPI, PIS, COFINS) VALUES (100, 100, NULL, NULL, NULL, NULL);

    -- Inserir dados na tabela TB_TRANSPORTADORA
    INSERT INTO TB_TRANSPORTADORA (ID, NOME, CNPJ, ENDERECO, TELEFONE, EMAIL) VALUES (81, 'TransRápido Entregas', '12345678000181', 'Av. das Transportadoras, 810', '1122334481', 'transrapido@email.com');
    INSERT INTO TB_TRANSPORTADORA (ID, NOME, CNPJ, ENDERECO, TELEFONE, EMAIL) VALUES (82, 'Logística Expressa', '98765432000182', 'Rua dos Caminhões, 820', '1199887782', 'logistica.expressa@email.com');
    INSERT INTO TB_TRANSPORTADORA (ID, NOME, CNPJ, ENDERECO, TELEFONE, EMAIL) VALUES (83, 'Carga Pesada Transportes', '11122233000183', 'Av. dos Carregamentos, 830', '1133445583', 'cargapesada@email.com');
    INSERT INTO TB_TRANSPORTADORA (ID, NOME, CNPJ, ENDERECO, TELEFONE, EMAIL) VALUES (84, 'Veloz Entregas', '55566677000184', 'Rua das Estradas, 840', '1155667784', 'veloz.entregas@email.com');
    INSERT INTO TB_TRANSPORTADORA (ID, NOME, CNPJ, ENDERECO, TELEFONE, EMAIL) VALUES (85, 'Mundo Logística', '88899988000185', 'Av. das Mercadorias, 850', '1144556685', 'mundologistica@email.com');
    INSERT INTO TB_TRANSPORTADORA (ID, NOME, CNPJ, ENDERECO, TELEFONE, EMAIL) VALUES (86, 'Rápido e Seguro', '12345678000186', 'Rua das Cargas, 860', '1122445586', 'rapido.seguro@email.com');
    INSERT INTO TB_TRANSPORTADORA (ID, NOME, CNPJ, ENDERECO, TELEFONE, EMAIL) VALUES (87, 'TransGlobal', '98765432000187', 'Av. dos Fretes, 870', '1199776687', 'transglobal@email.com');
    INSERT INTO TB_TRANSPORTADORA (ID, NOME, CNPJ, ENDERECO, TELEFONE, EMAIL) VALUES (88, 'Carga Leve', '11122233000188', 'Rua das Encomendas, 880', '1133557788', 'cargaleve@email.com');
    INSERT INTO TB_TRANSPORTADORA (ID, NOME, CNPJ, ENDERECO, TELEFONE, EMAIL) VALUES (89, 'Expresso Log', '55566677000189', 'Av. das Entregas, 890', '1155778899', 'expresso.log@email.com');
    INSERT INTO TB_TRANSPORTADORA (ID, NOME, CNPJ, ENDERECO, TELEFONE, EMAIL) VALUES (90, 'Transporte Fácil', '88899988000190', 'Rua dos Veículos, 900', '1144667790', 'transporte.facil@email.com');
    INSERT INTO TB_TRANSPORTADORA (ID, NOME, CNPJ, ENDERECO, TELEFONE, EMAIL) VALUES (91, 'TransRápido Express', '12345678000191', 'Av. das Transportadoras, 910', '1122334491', 'transrapido.express@email.com');
    INSERT INTO TB_TRANSPORTADORA (ID, NOME, CNPJ, ENDERECO, TELEFONE, EMAIL) VALUES (92, 'Logística Ágil', '98765432000192', 'Rua dos Caminhões, 920', '1199887792', 'logistica.agil@email.com');
    INSERT INTO TB_TRANSPORTADORA (ID, NOME, CNPJ, ENDERECO, TELEFONE, EMAIL) VALUES (93, 'Carga Rápida', '11122233000193', 'Av. dos Carregamentos, 930', '1133445593', 'carga.rapida@email.com');
    INSERT INTO TB_TRANSPORTADORA (ID, NOME, CNPJ, ENDERECO, TELEFONE, EMAIL) VALUES (94, 'Veloz Transportes', '55566677000194', 'Rua das Estradas, 940', '1155667794', 'veloz.transportes@email.com');
    INSERT INTO TB_TRANSPORTADORA (ID, NOME, CNPJ, ENDERECO, TELEFONE, EMAIL) VALUES (95, 'Mundo Express', '88899988000195', 'Av. das Mercadorias, 950', '1144556695', 'mundo.express@email.com');
    INSERT INTO TB_TRANSPORTADORA (ID, NOME, CNPJ, ENDERECO, TELEFONE, EMAIL) VALUES (96, 'Rápido e Seguro', '12345678000196', 'Rua das Cargas, 960', '1122445596', 'rapido.seguro@email.com');
    INSERT INTO TB_TRANSPORTADORA (ID, NOME, CNPJ, ENDERECO, TELEFONE, EMAIL) VALUES (97, 'TransGlobal', '98765432000197', 'Av. dos Fretes, 970', '1199776697', 'transglobal@email.com');
    INSERT INTO TB_TRANSPORTADORA (ID, NOME, CNPJ, ENDERECO, TELEFONE, EMAIL) VALUES (98, 'Carga Leve', '11122233000198', 'Rua das Encomendas, 980', '1133557798', 'cargaleve@email.com');
    INSERT INTO TB_TRANSPORTADORA (ID, NOME, CNPJ, ENDERECO, TELEFONE, EMAIL) VALUES (99, 'Expresso Log', '55566677000199', 'Av. das Entregas, 990', '1155778899', 'expresso.log@email.com');
    INSERT INTO TB_TRANSPORTADORA (ID, NOME, CNPJ, ENDERECO, TELEFONE, EMAIL) VALUES (100, 'Transporte Fácil', '88899988000100', 'Rua dos Veículos, 1000', '1144667700', 'transporte.facil@email.com');

    -- Inserir dados na tabela TB_FRETE
    INSERT INTO TB_FRETE (ID, NOTA_FISCAL_ID, TRANSPORTADORA_ID, VALOR_FRETE) VALUES (81, 81, 81, 10.00);
    INSERT INTO TB_FRETE (ID, NOTA_FISCAL_ID, TRANSPORTADORA_ID, VALOR_FRETE) VALUES (82, 82, 82, 20.00);
    INSERT INTO TB_FRETE (ID, NOTA_FISCAL_ID, TRANSPORTADORA_ID, VALOR_FRETE) VALUES (83, 83, 83, 30.00);
    INSERT INTO TB_FRETE (ID, NOTA_FISCAL_ID, TRANSPORTADORA_ID, VALOR_FRETE) VALUES (84, 84, 84, 40.00);
    INSERT INTO TB_FRETE (ID, NOTA_FISCAL_ID, TRANSPORTADORA_ID, VALOR_FRETE) VALUES (85, 85, 85, 50.00);
    INSERT INTO TB_FRETE (ID, NOTA_FISCAL_ID, TRANSPORTADORA_ID, VALOR_FRETE) VALUES (86, 86, 86, 60.00);
    INSERT INTO TB_FRETE (ID, NOTA_FISCAL_ID, TRANSPORTADORA_ID, VALOR_FRETE) VALUES (87, 87, 87, 70.00);
    INSERT INTO TB_FRETE (ID, NOTA_FISCAL_ID, TRANSPORTADORA_ID, VALOR_FRETE) VALUES (88, 88, 88, 80.00);
    INSERT INTO TB_FRETE (ID, NOTA_FISCAL_ID, TRANSPORTADORA_ID, VALOR_FRETE) VALUES (89, 89, 89, 90.00);
    INSERT INTO TB_FRETE (ID, NOTA_FISCAL_ID, TRANSPORTADORA_ID, VALOR_FRETE) VALUES (90, 90, 90, 100.00);
    INSERT INTO TB_FRETE (ID, NOTA_FISCAL_ID, TRANSPORTADORA_ID, VALOR_FRETE) VALUES (91, 91, 91, 15.00);
    INSERT INTO TB_FRETE (ID, NOTA_FISCAL_ID, TRANSPORTADORA_ID, VALOR_FRETE) VALUES (92, 92, 92, 25.00);
    INSERT INTO TB_FRETE (ID, NOTA_FISCAL_ID, TRANSPORTADORA_ID, VALOR_FRETE) VALUES (93, 93, 93, 35.00);
    INSERT INTO TB_FRETE (ID, NOTA_FISCAL_ID, TRANSPORTADORA_ID, VALOR_FRETE) VALUES (94, 94, 94, 45.00);
    INSERT INTO TB_FRETE (ID, NOTA_FISCAL_ID, TRANSPORTADORA_ID, VALOR_FRETE) VALUES (95, 95, 95, 55.00);
    INSERT INTO TB_FRETE (ID, NOTA_FISCAL_ID, TRANSPORTADORA_ID, VALOR_FRETE) VALUES (96, 96, 96, 65.00);
    INSERT INTO TB_FRETE (ID, NOTA_FISCAL_ID, TRANSPORTADORA_ID, VALOR_FRETE) VALUES (97, 97, 97, 75.00);
    INSERT INTO TB_FRETE (ID, NOTA_FISCAL_ID, TRANSPORTADORA_ID, VALOR_FRETE) VALUES (98, 98, 98, 85.00);
    INSERT INTO TB_FRETE (ID, NOTA_FISCAL_ID, TRANSPORTADORA_ID, VALOR_FRETE) VALUES (99, 99, 99, 95.00);
    INSERT INTO TB_FRETE (ID, NOTA_FISCAL_ID, TRANSPORTADORA_ID, VALOR_FRETE) VALUES (100, 100, 100, 105.00);

    COMMIT; -- Confirma as inserções
EXCEPTION
    WHEN OTHERS THEN
        ROLLBACK; -- Desfaz as inserções em caso de erro
        RAISE; -- Relança a exceção para notificar o erro
END;