BEGIN
    -- Inserir dados na tabela TB_EMITENTE
    INSERT INTO TB_EMITENTE (ID, NOME, CNPJ, ENDERECO, TELEFONE, EMAIL) 
    VALUES (11, 'TechWorld Solutions', '11223344000155', 'Av. das Inovações, 1500', '1133445566', 'techworld@email.com');

    INSERT INTO TB_EMITENTE (ID, NOME, CNPJ, ENDERECO, TELEFONE, EMAIL) 
    VALUES (12, 'Alimentos Naturais Ltda', '99887766000144', 'Rua das Hortaliças, 300', '1199887766', 'alimentos.naturais@email.com');

    INSERT INTO TB_EMITENTE (ID, NOME, CNPJ, ENDERECO, TELEFONE, EMAIL) 
    VALUES (13, 'Construções Fortes', '55443322000133', 'Av. das Obras, 500', '1144556677', 'construcoes.fortes@email.com');

    INSERT INTO TB_EMITENTE (ID, NOME, CNPJ, ENDERECO, TELEFONE, EMAIL) 
    VALUES (14, 'Moda Jovem', '66778899000122', 'Rua das Tendências, 700', '1155667788', 'moda.jovem@email.com');

    INSERT INTO TB_EMITENTE (ID, NOME, CNPJ, ENDERECO, TELEFONE, EMAIL) 
    VALUES (15, 'Farmácia Bem-Estar', '22334455000111', 'Av. dos Remédios, 900', '1166778899', 'farmacia.bemestar@email.com');

    -- Inserir dados na tabela TB_DESTINATARIO
    INSERT INTO TB_DESTINATARIO (ID, NOME, CPF_CNPJ, ENDERECO, TELEFONE, EMAIL) 
    VALUES (11, 'Roberto Fernandes', '12345678911', 'Rua das Oliveiras, 123', '11987654322', 'roberto.fernandes@email.com');

    INSERT INTO TB_DESTINATARIO (ID, NOME, CPF_CNPJ, ENDERECO, TELEFONE, EMAIL) 
    VALUES (12, 'Carla Martins', '98765432122', 'Av. das Palmeiras, 456', '11988776644', 'carla.martins@email.com');

    INSERT INTO TB_DESTINATARIO (ID, NOME, CPF_CNPJ, ENDERECO, TELEFONE, EMAIL) 
    VALUES (13, 'Fernando Souza', '11122233355', 'Rua dos Coqueiros, 789', '11999887755', 'fernando.souza@email.com');

    INSERT INTO TB_DESTINATARIO (ID, NOME, CPF_CNPJ, ENDERECO, TELEFONE, EMAIL) 
    VALUES (14, 'Juliana Costa', '55566677799', 'Av. das Flores, 101', '11997766553', 'juliana.costa@email.com');

    INSERT INTO TB_DESTINATARIO (ID, NOME, CPF_CNPJ, ENDERECO, TELEFONE, EMAIL) 
    VALUES (15, 'Ricardo Alves', '99988877788', 'Rua das Orquídeas, 202', '11996655442', 'ricardo.alves@email.com');

    -- Inserir dados na tabela TB_PRODUTO
    INSERT INTO TB_PRODUTO (ID, DESCRICAO, CODIGO_BARRAS, NCM, CEST, UNIDADE, VALOR_UNITARIO) 
    VALUES (11, 'Tablet 10 Polegadas', '112233445577', '84713000', '123458', 'UN', 1200.00);

    INSERT INTO TB_PRODUTO (ID, DESCRICAO, CODIGO_BARRAS, NCM, CEST, UNIDADE, VALOR_UNITARIO) 
    VALUES (12, 'Feijão Carioca 1kg', '998877665533', '10063090', '654322', 'KG', 8.00);

    INSERT INTO TB_PRODUTO (ID, DESCRICAO, CODIGO_BARRAS, NCM, CEST, UNIDADE, VALOR_UNITARIO) 
    VALUES (13, 'Tijolo Cerâmico', '112233445588', '69041000', '332213', 'UN', 1.50);

    INSERT INTO TB_PRODUTO (ID, DESCRICAO, CODIGO_BARRAS, NCM, CEST, UNIDADE, VALOR_UNITARIO) 
    VALUES (14, 'Vestido Feminino', '998877665544', '62044300', '221135', 'UN', 80.00);

    INSERT INTO TB_PRODUTO (ID, DESCRICAO, CODIGO_BARRAS, NCM, CEST, UNIDADE, VALOR_UNITARIO) 
    VALUES (15, 'Dipirona 500mg', '667788990022', '30049099', '665546', 'CX', 5.00);

    -- Inserir dados na tabela TB_NOTA_FISCAL
    INSERT INTO TB_NOTA_FISCAL (ID, NUMERO, SERIE, DATA_EMISSAO, VALOR_TOTAL, EMITENTE_ID, DESTINATARIO_ID, STATUS, CHAVE_ACESSO, TIPO_OPERACAO) 
    VALUES (11, '000012355', '006', TO_DATE('2025-03-11', 'YYYY-MM-DD'), NULL, 11, 11, 'Pendente', NULL, 'Saída');

    INSERT INTO TB_NOTA_FISCAL (ID, NUMERO, SERIE, DATA_EMISSAO, VALOR_TOTAL, EMITENTE_ID, DESTINATARIO_ID, STATUS, CHAVE_ACESSO, TIPO_OPERACAO) 
    VALUES (12, '000012356', '006', TO_DATE('2025-03-12', 'YYYY-MM-DD'), NULL, 12, 12, 'Pendente', NULL, 'Entrada');

    INSERT INTO TB_NOTA_FISCAL (ID, NUMERO, SERIE, DATA_EMISSAO, VALOR_TOTAL, EMITENTE_ID, DESTINATARIO_ID, STATUS, CHAVE_ACESSO, TIPO_OPERACAO) 
    VALUES (13, '000012357', '007', TO_DATE('2025-03-13', 'YYYY-MM-DD'), 1500.00, 13, 13, 'Autorizada', '3522025098765432101234567890123456789016', 'Saída');

    INSERT INTO TB_NOTA_FISCAL (ID, NUMERO, SERIE, DATA_EMISSAO, VALOR_TOTAL, EMITENTE_ID, DESTINATARIO_ID, STATUS, CHAVE_ACESSO, TIPO_OPERACAO) 
    VALUES (14, '000012358', '007', TO_DATE('2025-03-14', 'YYYY-MM-DD'), 700.00, 14, 14, 'Autorizada', '3522025098765432101234567890123456789017', 'Entrada');

    INSERT INTO TB_NOTA_FISCAL (ID, NUMERO, SERIE, DATA_EMISSAO, VALOR_TOTAL, EMITENTE_ID, DESTINATARIO_ID, STATUS, CHAVE_ACESSO, TIPO_OPERACAO) 
    VALUES (15, '000012359', '008', TO_DATE('2025-03-15', 'YYYY-MM-DD'), NULL, 15, 15, 'Pendente', NULL, 'Saída');

    -- Inserir dados na tabela TB_ITEM_NOTA_FISCAL
    INSERT INTO TB_ITEM_NOTA_FISCAL (ID, NOTA_FISCAL_ID, PRODUTO_ID, QUANTIDADE, VALOR_UNITARIO) 
    VALUES (11, 11, 11, 1, 1200.00);

    INSERT INTO TB_ITEM_NOTA_FISCAL (ID, NOTA_FISCAL_ID, PRODUTO_ID, QUANTIDADE, VALOR_UNITARIO) 
    VALUES (12, 11, 12, 5, 8.00);

    INSERT INTO TB_ITEM_NOTA_FISCAL (ID, NOTA_FISCAL_ID, PRODUTO_ID, QUANTIDADE, VALOR_UNITARIO) 
    VALUES (13, 12, 13, 100, 1.50);

    INSERT INTO TB_ITEM_NOTA_FISCAL (ID, NOTA_FISCAL_ID, PRODUTO_ID, QUANTIDADE, VALOR_UNITARIO) 
    VALUES (14, 12, 14, 3, 80.00);

    INSERT INTO TB_ITEM_NOTA_FISCAL (ID, NOTA_FISCAL_ID, PRODUTO_ID, QUANTIDADE, VALOR_UNITARIO) 
    VALUES (15, 13, 15, 10, 5.00);

    -- Inserir dados na tabela TB_TRIBUTOS
    INSERT INTO TB_TRIBUTOS (ID, NOTA_FISCAL_ID, ICMS, IPI, PIS, COFINS) 
    VALUES (11, 11, 144.00, 40.00, 13.20, 48.00);

    INSERT INTO TB_TRIBUTOS (ID, NOTA_FISCAL_ID, ICMS, IPI, PIS, COFINS) 
    VALUES (12, 12, 72.00, 20.00, 6.60, 24.00);

    INSERT INTO TB_TRIBUTOS (ID, NOTA_FISCAL_ID, ICMS, IPI, PIS, COFINS) 
    VALUES (13, 13, 180.00, 50.00, 16.50, 60.00);

    INSERT INTO TB_TRIBUTOS (ID, NOTA_FISCAL_ID, ICMS, IPI, PIS, COFINS) 
    VALUES (14, 14, 90.00, 25.00, 8.25, 30.00);

    INSERT INTO TB_TRIBUTOS (ID, NOTA_FISCAL_ID, ICMS, IPI, PIS, COFINS) 
    VALUES (15, 15, NULL, NULL, NULL, NULL);

    -- Inserir dados na tabela TB_TRANSPORTADORA
    INSERT INTO TB_TRANSPORTADORA (ID, NOME, CNPJ, ENDERECO, TELEFONE, EMAIL) 
    VALUES (11, 'TransRápido Express', '11223344000166', 'Av. das Entregas, 1100', '1122445566', 'transrapido.express@email.com');

    INSERT INTO TB_TRANSPORTADORA (ID, NOME, CNPJ, ENDERECO, TELEFONE, EMAIL) 
    VALUES (12, 'Logística Ágil', '99887766000155', 'Rua dos Caminhões, 1200', '1199887766', 'logistica.agil@email.com');

    INSERT INTO TB_TRANSPORTADORA (ID, NOME, CNPJ, ENDERECO, TELEFONE, EMAIL) 
    VALUES (13, 'Carga Rápida', '55443322000144', 'Av. dos Carregamentos, 1300', '1144556677', 'carga.rapida@email.com');

    INSERT INTO TB_TRANSPORTADORA (ID, NOME, CNPJ, ENDERECO, TELEFONE, EMAIL) 
    VALUES (14, 'Veloz Transportes', '66778899000133', 'Rua das Estradas, 1400', '1155667788', 'veloz.transportes@email.com');

    INSERT INTO TB_TRANSPORTADORA (ID, NOME, CNPJ, ENDERECO, TELEFONE, EMAIL) 
    VALUES (15, 'Mundo Express', '22334455000122', 'Av. das Mercadorias, 1500', '1166778899', 'mundo.express@email.com');

    -- Inserir dados na tabela TB_FRETE
    INSERT INTO TB_FRETE (ID, NOTA_FISCAL_ID, TRANSPORTADORA_ID, VALOR_FRETE) 
    VALUES (11, 11, 11, 15.00);

    INSERT INTO TB_FRETE (ID, NOTA_FISCAL_ID, TRANSPORTADORA_ID, VALOR_FRETE) 
    VALUES (12, 12, 12, 25.00);

    INSERT INTO TB_FRETE (ID, NOTA_FISCAL_ID, TRANSPORTADORA_ID, VALOR_FRETE) 
    VALUES (13, 13, 13, 35.00);

    INSERT INTO TB_FRETE (ID, NOTA_FISCAL_ID, TRANSPORTADORA_ID, VALOR_FRETE) 
    VALUES (14, 14, 14, 45.00);

    INSERT INTO TB_FRETE (ID, NOTA_FISCAL_ID, TRANSPORTADORA_ID, VALOR_FRETE) 
    VALUES (15, 15, 15, 55.00);

    COMMIT; -- Confirma as inserções
EXCEPTION
    WHEN OTHERS THEN
        ROLLBACK; -- Desfaz as inserções em caso de erro
        RAISE; -- Relança a exceção para notificar o erro
END;